Married,Credit.Guidelines,Other.Obligations. As.Percent. Of. Income,Non-Hispanic White,Non-Hispanic Black,Hispanic,Male,Approved,Present Loan to Value
1,1,34.5,1,0,0,1,0,0.7542373
0,1,34.1,1,0,0,1,1,0.8
1,1,26,1,0,0,1,1,0.8951049
1,1,37,1,0,0,1,1,0.6
0,1,32.1,1,0,0,1,1,0.8955224
0,1,33,1,0,0,1,1,0.8043478
0,1,36,1,0,0,1,1,0.8980892
1,1,37,1,0,0,1,1,0.7976879
1,1,30.7,1,0,0,1,1,1.003009
1,1,49,1,0,0,1,1,0.6327014
1,1,37,1,0,0,1,1,0.5047591
1,0,37.1,1,0,0,1,0,0.7037037
1,1,42,1,0,0,1,1,0.752381
1,1,32,1,0,0,1,1,0.7692308
1,1,16,0,1,0,1,1,0.2030457
1,1,37.1,1,0,0,1,1,0.8974359
1,1,32.2,1,0,0,1,1,0.8
1,1,26,1,0,0,1,1,0.6705883
1,1,27,1,0,0,1,1,0.9018088
1,1,37.2,1,0,0,1,1,0.9438776
1,1,36,1,0,0,0,1,0.9
1,1,16,1,0,0,1,1,0.4807692
1,1,36,1,0,0,1,1,1
0,1,29.2,1,0,0,1,1,0.6944444
1,1,18,1,0,0,1,1,0.5652174
1,1,27.9,0,1,0,1,1,0.9478261
0,1,34,1,0,0,1,0,0.8
1,1,38.4,1,0,0,1,1,0.95
1,1,14,1,0,1,1,1,0.2982456
0,1,34.8,1,0,0,1,1,0.8
1,1,28.7,1,0,0,1,1,0.5555556
0,1,40.4,1,0,0,1,1,0.7991453
1,1,73,1,0,0,1,1,1
0,0,27.9,0,1,0,0,0,0.8
0,1,38.2,0,1,0,0,1,0.95
1,1,27,1,0,0,1,0,0.7515528
0,1,35,1,0,0,0,1,1.127119
0,1,33,1,0,0,1,1,0.7
1,1,35,1,0,0,1,1,0.9090909
1,1,32.1,1,0,0,1,1,0.8984375
1,0,35,1,0,0,1,0,0.8
1,1,16,1,0,0,1,1,0.8
1,1,30,1,0,0,0,1,0.3703704
1,1,27.5,1,0,0,1,1,0.8
1,0,32.4,0,1,0,1,0,0.8873239
1,1,34,1,0,0,1,1,0.8
0,1,26.7,1,0,0,1,1,0.8
1,0,31,1,0,1,1,0,0.8
0,1,30,0,1,0,1,1,0.9491525
1,1,38.2,0,1,0,1,1,0.6782609
1,1,35,1,0,0,1,1,0.9556962
1,1,34,1,0,0,1,1,0.7666667
0,1,38,1,0,1,0,1,1.085714
1,0,38,1,0,0,1,0,0.8939394
0,1,34,1,0,1,1,1,0.8909091
1,1,25,1,0,0,1,1,0.7920792
1,1,34,1,0,0,1,1,0.9027778
1,1,24,1,0,0,1,1,0.8
1,1,35.5,1,0,0,1,1,0.5072464
1,1,24,1,0,0,1,1,0.5666667
1,1,23.5,1,0,0,0,1,0.678337
0,1,23,1,0,0,1,1,0.8891752
0,1,28,1,0,0,1,1,0.6206896
1,1,29,1,0,0,1,1,0.6969697
0,1,37,1,0,0,1,0,0.4658537
1,1,42,1,0,0,1,1,0.9044118
0,1,40,1,0,0,1,1,0.884058
1,0,25,1,0,1,1,1,0.5037037
0,1,22,1,0,0,1,1,0.8
1,1,36,1,0,0,0,1,0.8701299
1,1,28,1,0,0,1,1,0.75
1,1,21.9,1,0,0,0,1,0.7801418
1,1,29.4,1,0,1,1,1,0.9019608
1,1,39.7,1,0,0,1,1,0.840678
1,1,29.8,1,0,0,1,1,0.9
0,1,35.7,1,0,0,1,1,0.6977612
0,1,31.5,1,0,0,1,1,0.6206896
0,1,45,1,0,0,1,1,0.8387097
0,1,33,0,1,0,0,1,0.0210526
1,1,34,0,1,0,1,1,0.885906
0,0,38.9,1,0,0,1,0,0.9529412
1,1,47,1,0,0,1,1,0.8
0,1,42,1,0,0,1,1,0.8982036
0,1,36,1,0,0,1,0,0.949495
0,1,75,0,1,0,0,1,1
1,1,25,1,0,0,1,1,0.8
0,1,21,1,0,0,1,1,0.3030303
1,1,28,0,1,0,1,1,0.8
1,1,34,1,0,0,1,1,0.7507693
1,1,34,1,0,0,0,1,0.9013453
1,1,32,1,0,0,1,1,0.953125
1,0,36,1,0,0,1,0,0.7359307
0,1,39,1,0,0,1,0,0.7980769
0,1,42,0,1,0,0,0,0.9135802
0,1,39,1,0,0,1,1,0.7654321
1,1,31,0,1,0,1,1,0.8030303
0,1,23.1,1,0,0,1,1,0.870229
0,1,38,1,0,0,1,0,0.9034483
1,1,50,1,0,1,0,1,0.5079365
0,1,22,1,0,0,1,1,0.8533334
0,1,35.3,1,0,0,0,1,0.9439253
0,1,36.5,1,0,0,0,1,0.8
1,1,31,1,0,0,1,1,0.9011628
1,1,29,1,0,0,1,1,0.6666667
1,1,36,0,1,0,1,1,0.8394161
1,1,34,1,0,0,1,1,0.7368421
1,0,21,1,0,0,1,0,0.4878049
0,1,37,1,0,0,1,1,0.8196721
1,1,35.7,1,0,0,1,1,0.9215686
1,1,36.8,1,0,1,0,1,0.89779
0,1,36,1,0,0,0,1,0.9
0,1,35,1,0,0,1,1,0.75
0,1,26,1,0,0,1,1,0.8
0,1,29,1,0,0,1,1,0.3389831
0,1,22.3,1,0,1,0,1,0.6586826
1,1,32.2,1,0,0,1,1,0.9030303
0,1,37,0,1,0,1,0,0.6923077
0,1,27,1,0,0,1,1,0.8
1,1,32,1,0,1,1,0,0.6962963
1,1,19,1,0,0,1,1,0.7631161
1,1,21.2,1,0,0,1,1,0.5333334
0,1,32,1,0,0,0,1,0.75
0,1,25,1,0,0,1,1,0.28
1,1,33,1,0,1,1,1,0.6678572
1,1,34.1,0,1,0,1,1,0.8977556
1,0,58,1,0,0,1,1,1
1,1,31.6,1,0,0,1,1,0.808
1,1,36,1,0,0,1,1,0.8
1,1,30,1,0,0,0,1,0.6666667
1,1,22,1,0,0,1,1,0.8933333
1,1,33,1,0,0,1,1,0.4748982
0,1,27.6,1,0,0,0,1,1.011905
1,1,36.1,1,0,0,1,1,0.7982456
0,1,36,1,0,0,0,1,0.6410257
1,1,37.1,1,0,0,1,1,0.8
0,1,30,1,0,0,1,1,0.8
0,1,41,1,0,0,1,1,0.8
1,1,17,1,0,0,1,1,0.7936508
1,1,21,1,0,0,1,1,0.7466667
1,1,33.2,1,0,0,1,1,0.9009901
1,1,28.8,1,0,0,1,1,0.7478261
1,1,38.1,1,0,0,1,1,0.5536481
1,0,37,1,0,0,0,0,0.9230769
1,1,39.3,1,0,0,1,1,0.7954546
1,1,49,1,0,0,1,1,0.9022557
1,1,17,1,0,0,1,0,0.8011696
0,1,30,1,0,0,1,1,0.5298013
0,1,39.8,1,0,0,0,1,0.7160494
0,1,36,1,0,0,0,1,0.7777778
0,0,33.8,1,0,0,1,0,0.7783784
0,1,33,1,0,0,1,1,0.8089431
1,1,20,1,0,0,0,1,0.8
0,0,30,1,0,0,1,1,0.8006757
0,1,36,0,1,0,0,1,0.5494506
1,1,24,1,0,0,1,1,0.9
0,1,34.7,1,0,0,0,1,0.8
0,1,40,1,0,0,0,1,0.5263158
1,1,35.6,1,0,0,1,1,0.572973
1,1,38,1,0,0,1,1,0.8
1,1,43,1,0,0,1,1,1
0,1,35,1,0,0,0,1,0.7976879
0,1,25,1,0,0,0,1,1.647059
1,1,35,0,1,0,0,1,0.8
1,1,34,1,0,1,1,1,0.5
1,1,39,1,0,0,1,1,0.8037383
1,1,29,1,0,0,1,1,0.7464789
1,1,27,1,0,0,1,1,0.6542056
1,1,36.5,1,0,0,0,1,0.8986928
1,1,35,1,0,0,1,1,0.5217391
1,1,37,0,1,0,1,1,1
1,0,37.3,0,1,0,1,0,0.9531915
1,1,42,1,0,0,1,1,0.8954248
0,1,36.7,1,0,0,1,1,0.6705883
0,1,21.7,1,0,0,0,1,0.7931035
1,1,37.3,1,0,0,1,1,0.5555556
1,1,33.7,1,0,0,1,1,0.3571429
1,1,28,1,0,0,1,1,0.6448276
0,1,36.6,1,0,0,0,1,0.8993289
1,1,26.6,1,0,0,1,1,0.6484375
1,1,19,1,0,0,1,1,0.8965517
0,1,37,0,1,0,1,1,0.8857143
0,1,37,1,0,0,1,1,0.8
1,0,38,1,0,0,0,0,0.9
1,1,34,1,0,0,1,1,0.9212121
0,1,32,1,0,0,1,1,0.8011205
1,1,28,1,0,0,1,1,0.9028571
1,1,27,1,0,0,1,1,0.22
0,1,34,1,0,0,1,1,0.7954546
1,1,37,1,0,0,1,1,0.798419
1,1,36,1,0,0,1,1,0.7638191
1,1,36.9,1,0,0,1,1,0.9191995
1,1,32,1,0,0,1,1,0.748
0,1,36.6,1,0,0,1,1,0.7185185
1,1,34,1,0,0,1,1,0.8
1,1,34,1,0,0,1,1,0.0933032
1,1,33.9,0,1,0,1,1,0.8709677
1,1,26,1,0,0,1,1,0.8
0,1,35,1,0,0,1,1,0.9
1,1,34.1,1,0,0,1,1,0.8830769
0,0,38.4,1,0,0,1,0,0.8023484
1,1,30,1,0,0,1,1,0.7837838
1,1,70,1,0,0,1,1,0.9025641
1,1,47,0,1,0,1,1,0.7258065
1,0,25,1,0,0,1,0,0.9302326
1,1,32,1,0,0,1,1,0.9
1,1,37,1,0,0,1,1,0.8684211
1,1,24,1,0,0,1,1,0.7007576
0,1,33.3,0,1,0,1,1,0.4642857
0,1,35,1,0,0,0,1,0.6206896
1,0,33.7,1,0,0,1,0,0.8
1,1,42,1,0,0,1,1,0.9545454
1,1,37,1,0,0,1,1,0.8963414
1,1,39,1,0,0,1,1,0.6462585
0,1,32,1,0,0,0,1,0.8992248
1,1,37,0,1,0,1,1,0.8994083
0,1,29.6,1,0,0,1,1,0.703125
1,1,37.3,1,0,0,1,1,0.8
0,1,34,1,0,0,0,1,0.8961039
0,0,23,1,0,0,0,0,0.5434783
1,1,34,1,0,0,1,1,0.7857143
0,1,37,1,0,1,0,1,0.8992248
1,1,28,1,0,0,1,0,0.8
1,1,33,1,0,0,1,1,0.8
0,1,33,1,0,0,1,1,0.8989547
0,0,36.1,1,0,0,1,0,0.6928407
1,1,25,1,0,0,1,1,0.8016529
0,1,46,1,0,0,1,0,0.9
0,1,29,1,0,0,0,1,0.7222222
1,1,30.3,1,0,0,1,1,0.6779661
1,1,30.6,1,0,0,1,1,0.8
1,1,31.3,1,0,0,1,1,0.74
0,1,43,1,0,0,1,1,0.8
1,1,18,1,0,0,1,1,1.055556
1,1,32,1,0,0,1,1,0.75
1,1,33,1,0,0,1,1,0.5
1,1,31.9,1,0,0,1,1,0.6558704
0,1,30.4,1,0,1,1,1,0.3644315
0,0,34.8,1,0,0,0,0,0.8
0,1,34,1,0,0,1,1,0.6153846
1,1,42.9,1,0,0,1,1,0.7513812
0,1,28,1,0,0,0,1,0.9
1,1,36.1,1,0,0,1,1,0.7478261
0,1,33,1,0,0,1,1,0.7961165
1,0,36.7,1,0,0,1,1,0.7080292
0,1,29.2,1,0,0,1,1,0.9019608
1,1,95,1,0,0,1,1,0.5470588
1,0,28,0,1,0,1,0,0.9
1,1,39,1,0,0,1,1,0.8988096
1,1,21,1,0,0,0,1,0.6129032
1,1,26.3,1,0,1,1,1,0.6153846
1,1,33.7,1,0,0,0,1,0.4273504
0,1,29.2,1,0,0,1,1,0.7220078
0,1,21.9,1,0,0,1,0,0.8
0,1,34.2,1,0,0,0,1,0.904
1,1,33,1,0,0,1,1,0.8461539
1,1,32,1,0,0,1,0,0.921875
1,1,26,1,0,0,1,1,0.8846154
0,1,45,1,0,0,1,1,2.2
0,1,28.5,1,0,0,1,1,0.6561403
1,0,25,1,0,0,1,0,0.6136364
1,1,22,0,1,0,1,1,0.6942675
0,1,56,1,0,0,0,1,2.571429
1,1,28.5,1,0,0,1,1,0.8024691
1,1,31,0,1,0,0,0,0.7985612
0,1,35.3,1,0,0,1,1,0.375
1,1,38,1,0,0,1,1,0.9542857
1,1,41,1,0,0,1,1,0.7192308
0,1,33,1,0,0,1,1,0.7
1,1,29,1,0,0,1,1,0.7192308
1,0,30,0,1,0,1,0,0.8
1,1,37,1,0,0,1,1,0.5777778
1,1,35.8,1,0,0,1,1,0.8983051
0,1,39,1,0,1,1,1,0.9010239
1,1,12,0,1,0,1,1,0.3333333
1,1,35.3,1,0,0,1,1,0.8969072
0,1,45,1,0,1,1,1,1
1,1,32,1,0,0,1,1,0.921466
1,1,31.4,1,0,0,0,1,0.8
1,1,23,1,0,0,1,1,0.5530726
0,1,21,1,0,0,1,1,0.4375
1,1,32,1,0,0,1,1,0.9043478
1,1,37.1,1,0,0,1,1,0.9020979
0,1,37.9,1,0,0,1,1,0.8
1,1,18,1,0,0,1,1,0.5789474
0,1,46,1,0,0,1,1,0.7714286
0,1,37.3,1,0,0,0,1,0.8005337
1,1,31,1,0,0,1,1,0.7236842
1,1,23,1,0,0,1,1,0.619469
1,1,26,1,0,0,1,1,0.7473684
1,1,28.7,1,0,0,1,1,0.7619048
1,1,40.4,1,0,0,1,1,0.8
1,1,34,1,0,1,1,1,0.8
1,1,35.8,0,1,0,1,1,0.9027778
1,1,37,1,0,0,1,1,1.488095
1,1,37,1,0,0,1,1,0.9230769
1,1,36,1,0,0,1,1,0.748718
1,1,14.3,1,0,0,1,1,0.0877193
1,1,36.3,1,0,0,1,1,0.4869565
0,1,38,1,0,0,1,1,0.575
0,1,47,1,0,0,1,1,1
1,1,44,1,0,0,1,1,0.4166667
1,1,8,1,0,0,1,1,0.7967033
1,0,40.7,1,0,0,1,1,0.7489362
0,1,26.6,1,0,0,1,1,0.8989899
1,1,38.6,1,0,0,1,1,0.862069
1,1,34,1,0,0,1,1,0.7966102
0,1,36,1,0,0,1,1,0.7843137
1,1,31.7,1,0,0,1,1,0.505618
0,0,35.7,1,0,0,1,1,0.7
0,1,32,1,0,0,1,1,0.8
1,1,24.4,1,0,0,1,1,0.8
1,1,47.9,0,1,0,1,1,0.7065217
0,1,35,1,0,1,0,0,0.9215686
1,1,39,1,0,0,1,1,0.6102362
1,1,32,1,0,0,1,1,0.9424461
1,1,47,1,0,0,0,1,0.9489051
1,1,28.4,1,0,0,1,1,0.3560606
0,1,39,1,0,0,1,1,0.9
1,0,11.4,1,0,1,0,1,0.5449591
1,1,39,1,0,0,1,1,0.8993289
0,1,35.7,1,0,0,1,1,0.7530864
0,1,32,1,0,0,1,0,0.921466
1,1,26,1,0,0,0,1,0.5172414
1,1,16,0,1,0,1,1,1
1,1,30.1,1,0,1,1,1,0.9022222
1,1,30,1,0,0,1,1,0.9013158
1,1,36,1,0,0,1,1,0.8
1,1,38.2,1,0,0,1,1,0.7654321
1,1,27,1,0,0,1,1,0.9
1,1,19.6,1,0,0,1,1,0.5625
1,1,33,1,0,0,1,1,0.9016393
0,1,26,1,0,0,1,1,0.2173913
1,1,34,0,1,0,1,1,0.5348837
0,1,37.7,0,1,0,0,1,0.7575758
0,1,61,1,0,1,0,1,0.8
0,1,32,1,0,0,0,1,0.893617
1,1,36,0,1,0,1,1,0.6539792
1,1,16.8,1,0,0,1,1,0.8979592
1,1,36,1,0,0,1,1,0.8
0,1,37.5,0,1,0,0,1,0.8958333
1,1,30,1,0,0,1,1,1
1,1,26.9,1,0,0,1,1,0.7987805
0,0,40,0,1,0,0,0,0.8869565
1,1,39,1,0,0,1,1,0.8986486
0,1,28,1,0,0,1,1,0.749004
1,1,31,1,0,0,1,1,0.6315789
1,1,41,1,0,0,1,1,0.5813953
1,0,33.6,0,1,0,1,0,0.8006362
1,1,38.5,1,0,0,1,1,0.7243903
1,1,37,1,0,0,1,1,0.7976879
0,1,31,1,0,0,1,1,0.9
1,1,22.8,1,0,0,1,1,0.7619048
1,0,40,1,0,0,1,1,0.8028572
1,1,22,1,0,0,1,1,0.7931035
1,1,31,1,0,1,1,1,0.8888889
1,0,35,1,0,0,1,0,0.8695652
0,1,44,1,0,0,1,1,0.6770833
1,1,28.1,1,0,0,1,1,0.4770408
0,1,32,1,0,0,1,1,0.8014706
1,1,38,1,0,0,1,1,0.8952381
0,1,35,1,0,0,0,1,0.8991597
1,1,32,1,0,0,1,1,0.8
0,1,31.1,1,0,0,1,1,0.9064748
1,1,39,1,0,0,1,1,0.7513514
0,1,34.7,1,0,0,1,0,0.76
1,1,26.6,1,0,0,1,1,0.4115226
1,1,29,1,0,0,1,1,0.40625
1,1,21.2,1,0,1,1,1,0.8823529
1,1,36,1,0,0,1,1,0.8053691
1,1,34,1,0,0,1,1,0.8785715
0,1,29,1,0,0,0,1,0.3736264
1,1,32.8,1,0,0,1,1,0.9
0,1,20.9,1,0,0,1,1,0.7285975
1,0,20,1,0,0,1,0,0.9391892
1,1,37,1,0,0,1,0,0.7073171
1,1,31.6,1,0,0,0,1,0.8015267
1,1,35.8,1,0,0,1,1,0.904
1,1,41,1,0,0,1,1,0.72
1,1,44,1,0,0,1,1,0.8212389
0,1,32,1,0,0,1,1,0.2777778
1,1,37,1,0,0,1,1,0.65
1,1,32,1,0,0,0,1,0.6814815
1,1,44,1,0,0,1,1,0.8034188
1,1,34,1,0,0,1,1,0.8
1,1,26.6,1,0,0,1,1,0.9
1,0,35,0,1,0,1,0,0.9520548
0,1,27,1,0,0,0,1,0.8939394
1,1,39,1,0,0,1,1,0.9007092
0,1,31.7,1,0,0,1,1,0.7954546
0,1,21.9,1,0,0,1,1,0.8
1,1,37,1,0,0,1,1,0.6071429
1,1,43,0,1,0,1,1,0.537415
0,1,19.4,0,1,0,1,1,0.7987805
1,1,38.4,1,0,0,1,1,0.802139
0,1,31,1,0,0,1,1,0.4950495
1,1,32,1,0,0,1,1,0.925
1,1,35,1,0,0,1,1,0.9007633
1,1,39,1,0,0,1,1,0.7993475
1,1,23.4,1,0,0,0,1,0.7788945
1,1,30,1,0,0,1,1,0.4021739
1,1,38,1,0,0,1,1,0.8984176
1,1,23.4,1,0,0,1,1,0.8039216
1,1,36,1,0,0,1,1,0.9506173
1,1,25,1,0,0,1,1,0.7727273
0,1,30.7,1,0,0,1,1,0.4929577
1,1,37,1,0,0,1,1,0.8985507
1,1,33,1,0,0,1,1,0.8030303
0,1,37.8,1,0,0,1,0,0.8019324
1,1,28.3,1,0,0,1,1,0.9047619
1,1,26,0,1,0,1,1,0.5347593
1,1,28,1,0,0,1,1,0.9492754
1,1,10.4,1,0,0,1,1,0.6666667
1,1,29.9,1,0,0,0,1,0.4891304
1,1,37.5,1,0,0,0,1,0.8784314
1,0,35,1,0,1,1,0,0.9010989
1,1,29,1,0,0,1,1,0.798995
0,1,35,1,0,0,0,1,0.796875
1,1,34.1,1,0,0,1,1,0.902439
1,1,36.4,1,0,0,1,1,0.5620689
1,1,22,1,0,0,0,1,0.7446808
1,1,40,1,0,0,1,1,0.8993056
1,1,28,1,0,0,1,1,0.7142857
1,1,36,0,1,0,1,1,0.5263158
1,1,38,1,0,0,1,1,0.8
0,1,23,1,0,0,0,1,0.6593407
0,0,20,0,1,0,0,1,0.9
1,1,5.6,1,0,0,1,1,0.8
0,1,26.1,1,0,0,1,1,0.5285714
0,1,15.5,1,0,0,0,1,0.5945946
1,1,42,1,0,0,1,1,0.8954248
1,1,40.8,1,0,0,1,1,0.8019802
0,1,41,1,0,1,1,1,0.7938932
1,1,39.1,1,0,0,1,1,0.2790698
1,1,21.8,1,0,0,1,1,0.8021978
1,1,22,1,0,0,1,1,0.7797834
1,1,15,1,0,0,1,1,0.4903846
0,1,35,1,0,0,1,1,0.7402299
0,1,34,1,0,0,0,1,0.9023256
1,1,38,1,0,1,1,1,0.9
1,0,33,1,0,0,1,1,0.743083
1,1,36,1,0,0,1,0,0.9513513
0,1,38,1,0,0,1,1,0.744
1,1,32,1,0,0,1,1,0.9006211
0,1,31,1,0,0,1,1,0.9030303
1,0,41,1,0,0,1,0,0.6983696
1,0,30.5,1,0,0,1,0,0.9545454
1,1,25,1,0,0,1,1,0.7254902
1,1,26,1,0,0,0,1,1
1,1,41,1,0,0,1,1,0.8972602
0,1,19,1,0,0,0,1,0.8290156
1,1,38.6,1,0,0,1,1,0.3269231
1,1,40.1,1,0,0,1,1,0.75
0,1,20,1,0,0,0,1,0.8024691
1,1,42.7,1,0,0,1,1,0.8881579
0,1,38,1,0,0,1,1,0.7969925
0,1,31,1,0,0,0,1,0.9765625
0,1,43,1,0,0,1,1,0.4137931
0,1,26,1,0,0,1,1,0.8974359
1,1,14,1,0,0,1,1,0.5638298
0,1,34,1,0,0,1,0,0.8
1,1,29.6,0,1,0,1,1,0.4983389
0,1,29.3,1,0,0,1,1,0.9469026
0,1,12.1,1,0,0,1,1,0.8
1,1,34.9,0,1,0,1,1,0.4986301
0,1,37,1,0,0,1,1,0.95
0,1,35,1,0,0,0,1,0.8965517
0,1,40,1,0,0,1,1,1
0,1,32.1,1,0,0,1,1,0.6190476
1,1,38,1,0,0,1,1,0.9
1,1,29,1,0,0,1,1,0.7333333
0,1,39,1,0,0,0,1,0.5714286
0,1,26,1,0,0,1,1,1
1,1,32,1,0,0,1,1,0.8
1,1,33.1,1,0,0,1,1,0.40625
1,1,26,1,0,0,1,1,0.6666667
1,1,34,1,0,0,1,1,0.8
1,1,39.9,1,0,0,1,1,0.8045977
1,1,39,0,1,0,1,1,0.7484277
1,1,44.5,1,0,0,1,1,0.8653846
1,1,26,1,0,0,1,1,0.9017857
0,1,26,1,0,1,1,1,1
1,1,30.5,1,0,0,1,1,0.7991803
1,1,31,0,1,0,0,0,0.8
1,1,40,1,0,0,1,1,0.7981651
1,1,32.5,0,1,0,1,1,0.7708333
0,0,19,1,0,0,1,1,0.8031496
1,1,28,1,0,1,1,0,0.7259074
0,1,39,0,1,0,0,1,0.8
1,1,45.4,1,0,0,1,1,0.6666667
1,0,25,1,0,0,1,1,1.20548
1,1,32,1,0,0,1,0,0.7882736
0,1,35,1,0,0,1,1,0.9485294
1,1,37,1,0,0,0,1,0.8
1,1,11,1,0,0,1,1,0.6060606
1,1,38,1,0,0,1,1,0.7987013
1,1,24,1,0,0,1,1,0.5068493
1,1,33.6,1,0,0,1,1,0.8
0,1,27,1,0,0,1,1,0.5641026
1,1,41,1,0,0,1,1,0.8
1,1,23,1,0,0,0,1,0.4516129
1,1,33,1,0,0,1,1,0.9230769
1,1,48.7,1,0,0,1,1,0.7575758
0,1,35.1,1,0,1,1,1,0.5
1,1,41,1,0,1,1,1,0.6578947
0,1,29,1,0,0,1,1,0.8
1,1,27,1,0,0,1,1,0.8026316
1,1,20,1,0,0,1,1,0.5194445
1,1,24,0,1,0,0,1,0.9
0,1,37.4,1,0,0,1,1,0.9037037
1,1,32.4,1,0,0,0,1,0.7624114
1,1,34,1,0,0,1,1,0.5882353
1,1,30.7,1,0,0,1,1,0.8
0,1,29.3,1,0,0,0,1,0.8333333
1,1,19.3,1,0,0,1,1,0.5585586
1,1,23.9,1,0,0,1,1,0.1639344
1,1,25.2,1,0,0,1,1,0.8026316
1,1,15,1,0,0,1,1,1
1,1,23.3,1,0,0,1,1,0.6923077
1,1,25,1,0,0,1,1,0.5555556
1,1,29.7,1,0,0,1,1,0.9014084
1,1,40.9,1,0,0,1,1,0.896
0,0,19,1,0,1,1,0,0.6410257
1,1,40,1,0,0,1,1,0.8642857
0,1,35.6,1,0,0,1,1,0.7508772
0,1,41,1,0,0,1,1,0.6763636
1,1,34,1,0,1,1,0,0.6836364
0,1,33,1,0,0,0,1,0.9516129
0,1,34,1,0,0,1,1,0.8
0,1,20,1,0,0,1,1,0.6666667
1,0,31.1,1,0,0,1,1,0.8
1,1,62,1,0,0,0,1,0.9495798
1,1,28.2,1,0,0,0,1,0.9
1,0,32.5,1,0,0,1,1,0.9034483
1,1,33,1,0,0,1,1,0.7936508
1,1,55,1,0,0,1,1,0.5106383
1,0,38,0,1,0,0,0,0.7906977
1,1,29.5,1,0,0,1,1,0.904
0,1,36,1,0,0,1,1,0.8993711
1,0,51,1,0,0,1,1,0.8
0,1,34,1,0,0,1,1,0.8988764
1,1,32.2,1,0,0,1,1,0.9027778
1,1,31,1,0,0,1,1,0.7632653
1,1,30,1,0,0,1,1,0.948718
0,1,52,1,0,0,1,1,1.176471
1,1,39.5,1,0,0,1,1,0.8
1,1,34,1,0,0,1,1,0.8
1,1,31.4,1,0,0,1,1,0.297619
0,1,30.7,1,0,0,1,1,0.75
1,1,32.3,1,0,0,1,1,0.8
0,1,30,1,0,0,0,1,0.9452202
0,1,26.8,1,0,0,0,1,0.90106
0,0,41.5,1,0,1,1,0,0.9506726
0,1,21,1,0,0,1,1,0.5555556
1,1,27,1,0,0,1,1,0.5109489
1,1,32,1,0,1,0,0,0.9224598
1,1,36.5,1,0,0,1,0,0.8956522
0,0,39,1,0,0,1,0,0.9469026
1,1,33,1,0,0,1,1,0.8
1,0,31.1,1,0,0,1,0,0.8032787
0,1,33,1,0,0,1,1,1.37931
1,1,32,1,0,0,1,1,0.7412399
1,1,35,1,0,0,1,1,0.952
0,1,19,1,0,0,0,1,0.3404255
1,1,35.9,1,0,0,1,1,0.9527559
0,1,10,1,0,0,1,1,1.333333
1,1,31.9,1,0,0,1,1,0.5
1,1,35,1,0,0,1,1,1
1,1,57,1,0,0,1,1,0.8
1,1,26,1,0,0,1,1,0.9028571
1,1,37,1,0,0,1,1,0.7112971
1,1,13,0,1,0,0,0,0.5357143
1,1,53,1,0,0,1,1,0.6734694
0,0,38.6,0,1,0,1,0,0.8017621
1,1,20,1,0,0,1,1,0.8
1,1,33,1,0,0,1,1,0.9
1,1,38,1,0,0,1,1,0.8
0,1,38,1,0,0,1,1,0.8012422
0,1,37,1,0,0,0,0,0.504
1,1,31,1,0,0,1,1,0.5970149
1,1,33.1,1,0,0,1,0,0.8962264
1,1,28.9,1,0,0,1,1,0.7058824
0,1,27,1,0,0,0,1,0.8
0,1,28,1,0,0,0,1,0.9
1,1,21.6,1,0,0,1,1,0.5204461
1,1,26,1,0,1,0,1,0.9
1,1,39,1,0,0,1,1,0.5081967
1,1,24.1,0,1,0,1,1,0.7258065
1,1,37,1,0,0,1,1,0.9026549
1,1,38.4,0,1,0,1,1,1
1,1,24,1,0,0,1,1,0.8970588
0,1,30,1,0,0,1,1,0.6035242
1,1,29.3,1,0,0,1,1,0.8
1,1,26,1,0,0,1,1,0.8820755
1,1,25.4,1,0,0,1,1,0.95
0,1,33.7,1,0,0,1,1,0.9534883
1,1,26,1,0,0,1,1,0.5859375
1,1,37,1,0,1,1,0,0.9537037
1,1,21.9,1,0,0,1,1,0.5818182
1,1,27,1,0,0,0,1,0.8
1,1,34,0,1,0,1,1,0.9515151
0,1,35,0,1,0,0,0,0.7990654
1,1,40,1,0,0,1,1,0.4009217
1,1,44,1,0,0,1,1,0.6879699
1,0,37,1,0,0,1,0,0.797546
1,0,34.8,1,0,0,1,1,0.8
1,1,45,1,0,0,1,1,0.9
0,0,45,0,1,0,0,0,0.6965517
1,1,34,1,0,0,1,1,0.9019608
0,1,37,1,0,0,0,1,0.8333333
1,1,25.8,1,0,0,1,1,0.8
1,1,27,1,0,0,1,1,0.8028169
1,1,53,1,0,0,1,1,0.7703704
1,1,24,1,0,0,1,1,0.898374
0,1,41.4,1,0,0,1,1,0.7986577
1,0,32.2,0,1,0,1,0,0.8
0,1,33.3,1,0,0,0,1,0.8
1,1,36,1,0,0,1,1,0.8015873
1,1,38.5,1,0,0,0,1,0.9290323
1,1,34.7,1,0,0,1,1,0.7004378
0,1,33,1,0,0,1,1,0.7777778
1,1,44.8,1,0,0,1,1,0.9181035
1,1,34.9,1,0,0,1,1,0.9092484
0,0,27,1,0,0,1,0,0.7352941
1,1,32,1,0,0,1,1,0.4375
0,1,22.8,1,0,0,0,1,0.2923976
1,0,32,1,0,0,1,0,0.8024691
0,1,21,1,0,0,1,0,0.3809524
0,1,26.2,1,0,0,0,1,0.9076923
1,1,24.2,1,0,0,1,1,0.9026549
1,1,32.4,1,0,0,1,0,0.7575758
1,1,26,1,0,0,1,1,0.8947368
1,1,20,1,0,0,0,1,0.6870229
1,1,26.8,1,0,0,1,1,0.9054054
1,0,28,0,1,0,1,0,0.7527472
0,1,36,1,0,0,0,1,0.6460177
1,1,16.9,1,0,0,1,1,0.8
1,1,33,1,0,0,0,1,0.7111111
1,0,37,0,1,0,1,1,0.8
1,1,10,1,0,0,1,1,0.8
1,1,35.5,1,0,0,1,1,0.6875
1,1,32,1,0,0,1,1,0.8010471
0,1,18,1,0,0,0,1,0.3625
1,1,42,1,0,0,1,1,0.75
1,1,27,1,0,0,1,1,0.8035714
0,0,32,1,0,0,1,1,0.7984791
0,1,27,1,0,0,1,1,0.676259
1,1,38,1,0,0,1,1,0.5873016
0,0,38,1,0,0,0,0,0.85
0,1,30.4,1,0,0,1,0,0.9240506
1,1,39.2,1,0,0,1,1,0.9
0,1,26,1,0,0,1,1,0.8904762
1,1,16,1,0,0,1,1,0.8
0,1,24,1,0,0,1,1,0.8
1,1,29,1,0,0,1,1,0.5940594
0,0,40,1,0,0,1,1,1
1,1,28,1,0,0,1,1,0.6837607
0,1,31.4,1,0,0,1,1,0.5588235
1,1,31,1,0,1,1,0,0.8033708
0,1,34,1,0,0,1,1,0.6703911
0,1,31,0,1,0,1,1,0.8540146
1,1,38,1,0,0,1,1,0.8068182
0,1,33,1,0,0,0,1,0.6818182
1,1,36,1,0,0,1,1,0.8888889
1,1,36,1,0,0,0,1,0.9550562
0,1,17.4,1,0,0,1,1,0.4308756
0,1,31,1,0,0,1,0,0.8235294
1,1,39,1,0,0,1,1,0.5348837
1,1,36,1,0,0,1,1,0.8633093
1,1,20,1,0,0,1,1,0.4093567
0,0,38,1,0,1,1,1,0.904
1,1,33.8,1,0,0,1,1,0.9028571
1,1,19,1,0,0,1,1,0.7545455
1,1,22.5,1,0,0,1,1,0.8571429
1,1,36,1,0,0,1,1,0.902439
1,1,33.8,1,0,0,1,0,0.9
0,1,42,1,0,0,1,1,0.8019324
1,1,14,1,0,0,1,1,0.3496504
0,1,30.7,1,0,0,1,1,0.6275168
1,1,32,1,0,0,0,1,0.6907895
0,1,38.9,1,0,1,1,1,0.8
1,1,29,1,0,0,1,1,0.9
1,1,38,1,0,0,1,1,0.902439
1,1,34,1,0,0,1,1,0.6870229
1,1,35,1,0,0,1,1,0.8068669
0,1,16,1,0,0,0,1,0.3358209
0,1,19,1,0,0,0,1,0.7973856
0,1,36,1,0,0,0,1,0.6887755
1,1,21,1,0,0,1,1,0.6
1,1,11,1,0,0,1,1,0.8
0,1,35,1,0,0,1,1,0.7515152
0,1,30.4,1,0,0,1,1,0.8
0,1,30,1,0,0,1,1,0.8
0,1,38,1,0,0,1,1,0.7475728
0,1,32,1,0,0,1,0,1
1,1,25,1,0,0,1,1,0.6448276
0,1,33.7,1,0,0,1,1,0.8983051
0,1,38,0,1,0,1,1,0.6111111
0,1,32.9,1,0,0,1,1,0.9076923
1,1,32,1,0,0,1,1,0.7974684
0,1,7,1,0,0,0,1,0.5121951
0,1,36,1,0,0,1,1,0.8355263
0,1,26,1,0,0,1,1,0.8
1,0,24.7,1,0,0,1,0,0.7973568
0,1,48,1,0,0,0,1,0.5238096
1,1,27.7,1,0,0,1,1,0.8
1,1,37,1,0,1,1,1,0.8
1,1,31,1,0,0,1,1,0.6815287
1,1,36,1,0,0,1,1,0.8404256
0,1,34,1,0,0,1,1,0.8993576
0,1,34,0,1,0,1,0,0.8
1,1,24,0,1,0,1,1,0.8
1,1,38,1,0,0,1,1,0.8
0,1,34,0,1,0,0,1,0.896
1,1,24,1,0,0,1,0,0.6666667
1,0,27,1,0,0,1,1,0.7740113
1,1,39,1,0,0,1,1,0.8928571
1,1,51.8,1,0,0,1,1,0.8
1,1,32,1,0,0,1,1,0.6126296
1,1,34,1,0,0,1,1,0.5405405
1,1,32,1,0,0,1,0,0.7196262
0,1,78,1,0,0,0,1,0.9
1,1,41,1,0,0,1,1,0.9
1,1,34,1,0,0,1,1,0.7986111
1,0,37,0,1,0,1,0,0.948718
1,1,34,1,0,0,1,1,1
1,1,24,1,0,0,0,1,0.7333333
0,1,35,1,0,0,0,1,0.75
1,0,32,1,0,0,1,0,0.6848485
0,1,15.5,1,0,0,1,1,0.8
1,1,27,1,0,0,1,1,0.8438818
1,1,8,1,0,0,1,1,0.7826087
1,1,32,1,0,0,1,1,0.8
0,1,34.7,1,0,0,0,1,0.9007092
1,1,30,1,0,0,1,1,1
1,1,30,1,0,0,1,1,0.5
0,1,27,1,0,0,1,1,0.7545455
1,1,33,1,0,0,1,1,0.802139
1,1,35.5,1,0,0,1,1,0.5555556
1,1,36,1,0,0,1,1,0.5940594
1,1,32,1,0,0,1,1,0.7761194
1,1,33.6,1,0,0,1,1,0.7989131
1,1,35,1,0,0,1,1,0.8
1,1,36,1,0,0,1,0,0.9473684
0,1,14.6,1,0,0,1,1,0.7682119
1,1,24,1,0,0,1,1,0.5287009
1,1,38,1,0,0,1,0,0.934375
1,1,19,1,0,0,1,1,0.4888268
0,1,29.5,1,0,0,1,1,0.8974359
1,1,35.2,0,1,0,1,1,0.8
1,1,35,1,0,0,1,1,1.478261
1,1,25,1,0,0,1,1,0.8412699
0,1,25,1,0,0,1,1,0.6647059
1,1,34,1,0,0,1,1,0.7419355
1,1,36,1,0,0,1,1,0.8
1,1,36,1,0,0,1,1,0.7786885
1,1,39,1,0,1,1,1,0.9022557
1,1,32.3,1,0,0,1,1,0.75
1,1,23,1,0,0,1,1,0.5
0,1,33.6,1,0,0,1,1,0.9028571
0,1,39,1,0,0,0,0,0.9756098
1,1,29,1,0,0,1,1,0.5882353
1,1,27.6,1,0,0,1,1,0.7555556
1,1,32,1,0,0,1,1,0.9485638
0,1,37.1,1,0,0,1,1,0.899654
0,1,31,0,1,0,0,1,0.7246377
1,1,19,0,1,0,1,1,0.7972973
1,1,23,1,0,0,1,1,0.893617
0,1,35.6,1,0,0,0,1,0.6474397
1,1,28,0,1,0,1,1,0.9230769
0,1,18,1,0,0,1,1,0.9035088
1,1,49,1,0,1,1,1,0.5629139
1,1,28,1,0,0,1,1,0.6395349
1,1,29,1,0,0,1,1,0.6835443
0,0,37.8,1,0,0,1,0,0.8008075
1,1,42,1,0,0,1,0,0.8
1,1,46.8,1,0,0,1,1,0.8988764
0,1,32.4,1,0,0,0,1,0.8
1,0,26,1,0,0,1,0,0.9056604
0,1,39.1,0,1,0,0,1,0.8
1,1,24,1,0,0,1,1,0.2631579
1,1,41,1,0,1,1,1,0.8923077
0,1,23,0,1,0,1,1,0.9565217
1,1,38,1,0,0,1,0,0.5629139
0,1,38,1,0,0,0,1,0.8982036
1,1,43,1,0,0,1,1,0.6423174
0,1,31,1,0,0,0,1,0.5076142
1,1,42.2,1,0,0,1,1,0.7093023
0,1,37,1,0,0,0,1,0.8967742
1,1,36,0,1,0,1,1,0.8
0,1,47,1,0,0,0,1,0.3793103
1,1,33,1,0,0,1,1,0.8
1,1,35,1,0,0,1,1,0.7752809
1,1,37,1,0,0,1,1,1.3
1,1,31.5,1,0,0,1,1,0.8571429
0,1,31,1,0,0,1,1,0.75
1,1,25,0,1,0,1,1,0.6382979
1,1,12.6,0,1,0,0,1,0.2727273
1,1,36,0,1,0,1,1,1.473684
1,1,38.1,0,1,0,1,1,0.9032258
1,1,21,1,0,0,1,1,0.1454545
1,1,27.2,1,0,0,1,1,0.6666667
0,1,41,1,0,0,1,0,0.9387755
1,1,19,1,0,0,1,1,0.4117647
0,1,41,1,0,0,1,0,0.6470588
1,1,28,1,0,0,1,1,0.8857143
0,0,33,1,0,0,1,0,0.3396226
1,1,38,1,0,0,1,1,0.7972973
1,1,29,1,0,0,1,1,0.9219858
0,1,19,1,0,0,1,1,0.9
1,1,24,1,0,0,1,1,0.7987013
0,1,37.2,1,0,0,1,1,0.9020408
1,1,32,1,0,0,1,1,1
1,1,18,1,0,0,1,1,0.896
1,1,34,1,0,0,1,1,0.8035714
1,1,24,1,0,0,1,1,0.8
0,1,46,0,1,0,1,1,0.796
1,1,31,1,0,0,0,1,0.9520548
1,1,31.2,1,0,0,0,1,0.7611111
1,1,31,1,0,1,1,1,0.9259259
1,1,40,1,0,0,1,1,0.9222222
1,1,27,1,0,0,1,1,1
1,1,26.4,1,0,0,1,1,0.8
1,0,35.2,0,1,0,1,0,0.8978102
0,1,26,1,0,0,0,0,0.5625
1,1,37,1,0,0,1,1,0.90625
1,1,30,1,0,0,1,1,0.9090909
1,1,18.4,1,0,0,1,1,0.8032787
0,1,37.4,1,0,0,1,1,0.9491525
0,1,34.8,1,0,0,1,1,0.9003752
0,1,36,1,0,0,1,0,0.904
1,1,33,1,0,1,1,1,0.5510204
0,0,33.2,1,0,0,1,0,0.540458
1,1,24,1,0,0,1,1,0.7980769
0,1,34,1,0,0,0,1,0.9481132
1,1,47,1,0,0,1,1,0.6969697
0,1,31,1,0,0,1,1,0.6528497
0,0,26,1,0,0,1,0,0.9545454
1,1,35,1,0,1,1,1,0.8007968
1,1,28,0,1,0,1,1,0.738255
1,1,29,1,0,0,1,1,0.7172414
1,0,41.2,0,1,0,1,0,1.000676
1,1,41,1,0,0,1,0,0.9
1,1,32,1,0,0,1,0,0.8
1,1,32,1,0,0,1,1,0.8
0,1,83,1,0,0,1,1,0.7285714
1,1,28.9,0,1,0,0,1,0.8019093
1,1,19,1,0,0,1,0,0.7531645
1,1,20,1,0,0,1,1,0.7931035
1,1,44,1,0,0,1,1,0.8
1,1,20.1,1,0,1,1,0,0.875
1,1,55,1,0,0,1,1,0.5747126
1,0,33,1,0,1,1,0,0.8125
1,1,26.4,1,0,0,1,1,0.7966102
1,1,39,1,0,0,1,1,0.9473684
1,1,42.1,1,0,0,1,1,0.7716535
0,1,34,1,0,0,1,1,0.801282
1,1,31,1,0,0,1,1,0.952381
0,1,19.3,1,0,0,0,1,0.6770601
0,1,10,1,0,0,0,1,0.7142857
0,1,38.8,1,0,1,1,1,0.8073394
1,1,32.8,1,0,0,0,1,0.9511111
1,1,34,1,0,0,1,1,0.9202454
0,1,44,1,0,0,1,1,0.8
0,1,36,1,0,0,1,1,0.6
1,1,35.4,1,0,0,1,1,0.7916667
0,1,29.6,0,1,0,1,1,0.9016949
0,1,27,1,0,0,1,1,0.7403315
1,1,33,1,0,0,1,1,0.9084967
1,1,16,0,1,0,1,0,0.5166667
0,1,20,1,0,0,0,0,0.8010681
0,1,29,1,0,0,0,1,0.8
0,1,33,1,0,0,1,1,0.8
0,1,13,1,0,0,1,1,0.5
1,1,36,1,0,0,1,1,0.8988096
0,1,32,1,0,0,0,1,0.8
1,1,36.6,1,0,0,1,1,0.7978724
1,1,30.5,1,0,1,1,1,0.9975994
1,1,36.1,1,0,0,1,1,0.8785715
0,1,37,1,0,0,1,1,0.719697
1,1,37,1,0,0,1,1,0.7526316
1,1,35,1,0,0,1,1,0.7582939
1,1,43,1,0,1,1,1,0.8881579
1,1,30,1,0,0,1,1,0.6428571
1,1,36,1,0,0,1,1,0.7142857
1,1,31,1,0,0,1,1,0.8565574
1,1,36,1,0,0,0,1,0.8989899
1,1,27,1,0,0,1,1,0.3409091
1,1,29,1,0,0,1,1,0.7032258
1,1,28,1,0,0,0,1,0.7142857
1,1,17,1,0,1,1,1,0.3119266
1,1,31,1,0,0,1,1,0.7974684
1,1,29,1,0,0,1,1,0.5
0,0,34.2,0,1,0,1,0,0.7692308
1,1,29,1,0,0,1,1,0.8
1,1,29,1,0,0,0,1,0.376569
0,1,34.2,1,0,0,1,1,0.9
0,0,17.6,1,0,0,1,0,0.7752301
0,1,37,1,0,0,0,1,0.7506255
0,1,34.1,1,0,0,0,1,0.8998435
1,1,37,1,0,0,1,1,0.7982833
1,1,28.3,1,0,0,1,1,0.5959596
1,1,39,1,0,1,1,1,0.9
1,1,25.8,1,0,0,1,1,0.8
0,1,24,1,0,1,0,1,1.833333
0,1,30.3,1,0,0,0,1,0.9545454
1,1,33,1,0,0,1,1,0.8
0,1,26,1,0,0,1,1,0.9951846
0,1,37,1,0,0,1,1,0.8
1,1,32,1,0,0,1,0,0.9028571
0,0,29,1,0,1,1,0,0.7471265
0,1,32,1,0,0,1,1,0.85
0,1,29,1,0,0,0,0,0.9444444
1,1,39.5,1,0,0,1,1,0.7466667
1,1,40,1,0,0,0,1,1.114286
0,1,38,1,0,0,0,1,0.7211539
1,1,25,1,0,0,1,1,0.8709677
1,1,26,1,0,0,1,1,0.5555556
0,1,36,1,0,0,0,1,0.8
1,1,24,1,0,0,1,1,0.7984496
0,0,44,0,1,0,1,0,0.5
1,1,7,1,0,1,0,1,0.7798165
0,1,31.4,1,0,0,1,1,0.9521142
1,1,36,1,0,0,1,1,0.8018018
0,1,47,1,0,0,0,1,0.9
1,0,35,0,1,0,1,0,0.8
1,1,43.9,1,0,1,1,1,0.8017621
1,1,25.3,1,0,0,1,1,0.7
1,1,34.6,1,0,0,1,1,0.8
0,1,37,1,0,1,1,1,0.5813008
1,1,39,1,0,0,1,1,0.9055118
0,1,36,1,0,0,1,1,0.6591337
0,0,39.2,0,1,0,0,1,0.9022557
1,1,35.3,1,0,0,1,1,0.6666667
1,1,42,1,0,0,1,1,0.8311111
1,1,34.1,0,1,0,1,1,0.9025974
1,1,36,1,0,0,1,1,0.6486486
1,0,38.8,0,1,0,0,0,0.9007092
0,1,25,1,0,0,1,1,0.6710526
1,1,28,1,0,0,1,1,0.797619
1,1,38,1,0,0,1,1,1.289474
1,1,29,1,0,0,0,1,0.9047619
0,1,36,1,0,0,0,1,0.9246575
0,1,35,1,0,0,1,1,0.9
1,1,29.4,1,0,0,1,1,0.7944444
0,1,36.9,1,0,0,1,1,0.7945206
1,1,35.6,1,0,0,0,0,0.7962963
1,1,18,1,0,0,1,1,1.003521
0,1,33,1,0,0,0,1,0.4680851
1,1,28.7,1,0,0,1,1,0.7966102
1,1,20,0,1,0,1,0,1
1,0,39,1,0,1,1,0,0.8005115
0,1,30.8,1,0,0,0,1,0.8
0,1,30,1,0,0,0,1,0.5294118
1,1,37.8,1,0,0,1,1,0.8988096
0,1,31,1,0,0,0,1,0.7209302
0,1,28,1,0,0,1,1,0.76
1,1,35,1,0,0,1,1,1
1,1,32,1,0,1,1,1,0.9518072
1,1,31.7,1,0,0,1,1,0.9
1,1,32.8,1,0,0,1,1,0.8029197
0,1,43.1,1,0,0,0,1,0.6719368
1,1,30,1,0,0,1,1,0.904
0,1,41.3,1,0,0,0,1,1.094118
1,1,34,1,0,0,1,1,0.8016529
0,1,46.1,0,1,0,1,1,0.7982456
0,0,47,1,0,0,1,1,0.6510791
1,1,36,1,0,0,1,1,0.76
1,1,24.3,1,0,0,1,1,0.5867769
1,1,33,1,0,0,1,1,0.5227273
0,1,30,1,0,0,1,1,0.8
1,1,29,1,0,0,1,1,0.6363636
1,1,36,1,0,0,1,1,0.6310679
0,1,37,1,0,0,1,1,0.8516129
1,1,35,0,1,0,1,1,0.6745283
0,1,32,1,0,0,0,1,0.9
0,1,32.1,1,0,0,1,0,0.8
0,1,38,1,0,0,1,1,0.7865168
0,1,47,1,0,0,0,1,0.75
0,1,31.7,1,0,1,0,1,0.7486033
0,0,38.2,0,1,0,0,0,0.7991266
1,0,32.3,1,0,0,1,0,0.7477477
0,1,31,1,0,0,1,1,0.75
0,1,35,1,0,0,1,1,0.8604651
1,1,37,1,0,0,1,1,0.9014084
1,1,33,1,0,0,1,0,0.8989362
1,1,37,1,0,0,1,1,0.9021277
1,1,38,1,0,0,1,1,0.915493
0,1,35,1,0,0,0,1,0.8021978
1,1,38.9,1,0,0,1,1,0.6448598
0,1,37,1,0,0,1,1,0.93125
1,1,36,1,0,0,1,1,0.8
0,1,29,1,0,0,0,1,0.9
1,1,44,1,0,0,1,0,0.9043478
1,1,36,1,0,0,1,1,0.9482759
0,1,26.3,1,0,1,0,0,0.8
0,1,21,0,1,0,1,1,0.7894737
1,1,32,1,0,0,1,1,0.8809524
1,1,24,1,0,0,1,1,0.8988764
1,1,28.5,1,0,0,1,1,0.8163266
1,1,36,1,0,0,1,1,0.4705882
1,1,31,1,0,0,1,1,0.7
1,1,29,1,0,0,1,1,0.6764706
1,1,32.2,1,0,0,1,1,0.7928572
1,1,37,1,0,0,1,1,0.1493056
1,1,35,1,0,0,1,1,0.7466667
1,1,31,1,0,0,1,1,0.8972602
1,1,31,1,0,0,1,1,0.6857143
1,1,39.2,1,0,0,1,1,0.9558824
1,1,30,1,0,0,0,1,0.9478673
1,1,36,1,0,0,1,0,0.6494382
1,1,20,1,0,0,1,1,0.8545455
1,1,35,1,0,0,1,1,0.7
1,1,19.4,1,0,0,1,1,0.7934426
1,1,34,1,0,0,1,1,0.5833333
1,1,45.7,1,0,0,1,1,0.7566137
1,1,16.4,1,0,0,1,1,0.3240901
1,1,32,1,0,0,1,1,0.744186
1,1,8,1,0,0,1,1,0.7368421
1,1,18,1,0,0,1,1,0.3227031
0,1,35,1,0,0,1,1,0.7333333
1,1,24,1,0,0,1,1,0.7826087
1,1,33,1,0,0,1,1,0.9032258
1,1,48,1,0,0,1,1,0.8833333
0,1,30,1,0,0,1,1,0.8
0,1,37,1,0,0,1,1,0.801105
0,1,28.1,1,0,0,1,1,0.7268723
1,1,32,1,0,0,0,1,0.5641026
0,1,11.4,1,0,0,0,1,0.8031915
0,1,29,1,0,0,1,1,0.8
1,1,41,1,0,0,1,1,0.902439
1,1,33,1,0,1,1,1,0.2961276
1,1,51,1,0,0,1,1,0.8
0,1,34,0,1,0,1,1,0.9013158
1,1,33.4,1,0,0,1,1,0.8988764
1,1,38,1,0,0,1,0,0.8979592
1,1,35,1,0,0,1,1,0.9168361
0,1,20.6,0,1,0,0,1,0.5769231
1,1,34.5,1,0,0,1,1,0.9035088
1,1,33,1,0,0,1,1,0.6543779
0,1,38,1,0,0,0,1,0.7538462
1,1,26,1,0,0,1,1,0.9202127
1,1,34,1,0,0,1,1,0.6436782
1,1,30,0,1,0,1,1,0.9
1,1,19,1,0,0,1,1,0.3614458
0,1,34.3,1,0,0,0,1,0.9
1,1,35.2,1,0,0,1,1,0.6521739
1,1,50,1,0,0,0,1,0.9385475
1,1,32,1,0,0,1,1,0.6685714
0,1,57,1,0,0,1,0,0.8611111
1,1,38.1,1,0,0,1,1,0.7986111
1,1,27.6,1,0,0,0,1,1
1,0,37.5,1,0,0,1,1,0.8
0,0,38,1,0,0,1,1,0.6363636
1,0,24,0,1,0,1,0,0.8
1,0,39.9,0,1,0,1,1,0.3615385
1,1,13,1,0,0,1,1,0.703125
1,1,38.2,1,0,0,1,1,0.8
1,1,41,0,1,0,1,1,0.8
0,1,42,1,0,0,0,1,0.8
1,1,36.3,0,1,0,0,1,0.5400697
1,1,36.6,1,0,0,1,1,0.8
0,1,38,1,0,0,0,1,0.9192308
1,1,35,1,0,0,1,1,0.8
1,1,24.6,1,0,0,1,1,0.6976744
1,1,35,1,0,0,1,1,0.9013158
1,1,36.7,1,0,0,1,1,0.8
0,1,34,0,1,0,1,1,1
1,1,41.7,1,0,0,1,1,0.75
1,1,31,1,0,0,1,1,0.9014084
1,1,40.3,1,0,0,0,0,0.3939394
0,1,33.4,1,0,0,0,1,0.6
0,1,31,0,1,0,0,1,0.7739726
1,1,35.4,1,0,0,1,1,0.8228571
1,0,36,1,0,0,1,1,0.7846154
0,1,38.2,1,0,0,0,1,0.904
1,1,49,1,0,0,1,1,0.8
0,1,25,1,0,0,0,1,0.8026906
1,1,15.6,1,0,0,1,1,0.4980843
1,1,32.1,0,1,0,1,0,0.9452055
0,1,27,1,0,0,1,1,0.797546
0,1,32,1,0,0,1,1,0.7510204
1,0,30.8,1,0,0,1,0,0.8055556
0,1,36,0,1,0,1,1,0.8982301
1,1,36,1,0,0,1,1,0.8
1,1,34,1,0,0,1,1,0.6111111
1,1,33.8,1,0,0,1,1,0.9054054
0,1,38.9,1,0,0,1,1,0.9666666
1,1,35.8,1,0,0,1,1,0.7025641
1,1,31.4,1,0,0,1,1,0.9539749
1,1,22,1,0,0,1,1,0.9015151
1,1,21,1,0,0,1,1,0.75
1,1,29.7,1,0,0,1,1,0.9010239
1,1,28,1,0,0,1,1,0.6727273
1,1,31.7,1,0,0,1,1,0.608
1,1,34,1,0,0,1,1,0.7986111
0,0,39,1,0,1,0,0,0.9
0,1,33,1,0,0,0,1,0.6712329
1,1,36,0,1,0,1,0,0.8
0,1,31,1,0,0,0,0,0.8987342
1,1,27.8,1,0,0,0,1,0.3192182
0,1,39,1,0,1,0,1,0.8
1,1,19,1,0,0,1,1,0.6453901
0,1,38.4,1,0,0,0,1,0.9193549
1,1,17.8,1,0,0,1,1,0.6923077
0,1,20,1,0,0,1,1,0.7777778
1,1,43,1,0,0,1,1,0.8910891
1,1,30.3,1,0,0,1,1,0.516129
1,1,36,1,0,0,1,1,0.8333333
1,1,27.8,1,0,0,1,1,0.625
0,1,36.4,1,0,0,1,1,0.8
1,1,27,1,0,0,1,1,0.8
1,1,35.5,1,0,0,1,1,1.626263
1,0,28.8,0,1,0,1,0,0.6094421
1,1,38,1,0,0,1,1,0.9351351
1,1,35,1,0,0,1,1,0.7540984
0,1,26,1,0,0,1,1,0.7826087
1,1,32,1,0,0,1,1,0.9069768
1,1,31,0,1,0,1,1,0.752381
1,1,31.1,1,0,0,1,1,0.7317073
1,1,25,1,0,0,1,1,0.8
1,1,25.4,1,0,0,1,1,0.8823529
1,1,34,1,0,0,1,1,0.8978102
0,1,34.8,1,0,0,1,1,0.7957447
1,1,37,1,0,0,1,1,0.6493056
1,0,34.4,1,0,0,0,0,0.948718
1,1,27,1,0,0,0,1,0.8984771
0,1,31.3,1,0,0,0,1,0.5530974
0,1,35.9,1,0,0,1,1,0.8510638
1,1,32,1,0,0,1,1,0.95
0,1,34.7,1,0,0,0,1,0.5228216
1,1,25,1,0,0,1,1,0.8
1,1,22,1,0,0,1,1,0.8007279
0,1,38,1,0,0,1,1,0.9029851
1,1,35.9,1,0,1,1,0,0.8
0,1,39.9,1,0,0,0,1,0.4565217
1,1,40,1,0,0,1,1,0.8993056
1,1,28,1,0,1,0,1,0.8577982
1,1,57.7,1,0,0,1,1,0.8
1,1,36,1,0,1,1,1,0.8
1,1,28.2,1,0,0,1,1,0.5
1,0,28,1,0,0,1,0,0.6953642
1,1,45,1,0,0,1,1,0.7428572
1,1,39,1,0,0,1,1,0.8992248
0,1,23,1,0,0,0,1,0.8101266
1,1,38,1,0,0,1,1,0.4820513
0,1,28,1,0,0,0,1,0.7083333
0,1,40,1,0,0,0,1,0.9125
0,1,17,1,0,0,1,1,0.521327
1,1,31.9,1,0,1,1,1,0.8
0,1,37,1,0,0,0,1,0.6979167
0,0,30.6,1,0,0,1,0,0.64
1,1,25,0,1,0,1,1,0.8
1,1,34.5,1,0,0,1,1,0.601227
1,1,42,1,0,0,0,1,0.6545454
1,1,27.6,1,0,0,1,1,0.75
1,1,20,0,1,0,1,1,0.9
1,1,29.2,1,0,0,1,1,0.8928571
1,1,14,1,0,0,1,1,1
0,1,39,1,0,0,1,1,0.8
1,1,33,1,0,0,1,1,0.8019802
1,1,30.4,1,0,0,1,1,0.6666667
1,1,19.2,1,0,0,1,1,0.8970588
0,1,31.1,1,0,0,1,1,0.8026316
0,1,36,1,0,0,1,1,0.7246377
1,1,39,1,0,0,1,1,0.801282
1,1,30.1,1,0,0,1,1,0.3197674
1,1,48,1,0,0,1,1,0.8
1,1,38.9,1,0,0,1,1,0.8
1,1,29.3,1,0,0,1,1,0.8
0,1,32,1,0,0,1,1,0.8742857
0,0,69.2,1,0,0,1,0,0.7936508
0,1,31.5,1,0,0,0,1,0.9013158
1,1,35,1,0,0,1,1,0.8
1,1,20,1,0,0,1,0,0.7008086
1,1,30.4,1,0,1,1,1,0.6521739
1,1,35.1,1,0,1,1,1,0.9017544
0,1,19,1,0,0,0,1,0.8715596
1,1,29,1,0,1,1,1,1
1,1,36,1,0,0,1,1,0.8011364
1,1,28,1,0,0,1,1,0.7964072
0,1,37,1,0,0,1,1,0.7655503
1,1,36,1,0,0,1,1,0.9516129
0,1,45,1,0,0,0,1,0.5454546
1,1,39,1,0,0,1,1,0.8023256
1,1,27,0,1,0,1,1,0.7027993
1,1,39.4,1,0,0,1,1,0.744186
1,1,43,1,0,0,1,1,0.7515152
0,0,25,1,0,0,1,0,0.5882353
0,1,0,1,0,0,0,1,0.6294964
0,1,23,1,0,0,0,1,0.7450981
1,1,29.2,1,0,0,1,1,0.9021277
0,1,26.3,1,0,0,0,1,0.9
1,1,12,1,0,0,1,1,1
1,1,42.5,1,0,0,1,1,0.8
1,1,40,1,0,0,1,1,0.8050848
1,1,45,1,0,0,1,1,0.8031088
1,1,37,1,0,0,1,1,0.7132244
0,1,35.8,1,0,0,0,1,0.6875
0,1,28,1,0,0,0,1,0.7954546
1,1,29,1,0,0,1,1,0.7851239
0,1,22,1,0,0,1,1,0.8013937
1,1,17.5,1,0,0,1,1,0.7530982
1,1,36,1,0,0,1,1,0.5918368
0,1,42,1,0,0,1,1,0.8951613
0,1,31,1,0,0,1,1,0.953271
1,1,41,1,0,0,1,1,1.25
0,1,22,1,0,0,1,1,0.6476684
1,1,37.5,1,0,0,1,1,0.8029197
1,1,32.4,1,0,0,1,1,0.7692308
1,1,25,1,0,0,1,1,0.7407407
1,1,32,1,0,0,1,1,0.9557522
0,1,49,1,0,0,1,1,0.2037037
0,1,40,1,0,0,0,1,0.6401674
1,1,17.3,1,0,0,1,1,0.375
1,1,35,1,0,0,1,1,0.952
0,1,15,1,0,0,1,1,0.6779661
0,1,41,1,0,0,0,1,0.7236842
1,1,43,1,0,0,1,0,0.7514451
0,1,32.8,1,0,0,1,1,0.900474
1,1,27,1,0,0,1,1,0.8028169
0,1,14.4,1,0,0,1,1,0.8
1,1,37.4,1,0,0,1,1,0.5652174
1,1,35,1,0,0,1,1,0.7977528
0,1,35,1,0,0,0,1,0.6403941
1,0,39,1,0,0,1,0,0.8
1,1,14,1,0,0,1,1,1
1,1,34,1,0,1,1,1,0.4051282
1,1,40.5,1,0,0,1,1,0.8
1,1,26,1,0,0,1,1,1
0,1,37.6,1,0,0,1,1,0.8
1,1,34.9,1,0,0,1,1,0.2777778
1,1,36,1,0,0,1,1,0.6488889
0,1,25,1,0,0,0,1,0.7529412
0,1,30,1,0,0,0,1,0.5918368
0,1,27,1,0,0,0,0,0.8
0,1,30,0,1,0,0,1,1
0,1,39,1,0,0,1,1,0.9130435
0,0,36,1,0,0,0,0,0.9166667
0,1,28.7,0,1,0,0,1,0.9490446
0,1,35,1,0,0,1,1,0.692623
0,1,24.1,1,0,0,1,1,0.4
1,1,37,1,0,0,1,1,0.7962963
0,1,30,0,1,0,1,1,0.8
1,1,30.1,1,0,0,1,1,0.8
1,1,35,1,0,0,1,1,0.8
1,1,46.5,1,0,0,1,1,0.7311828
1,1,18,0,1,0,1,1,0.6962025
1,1,29,1,0,0,1,1,0.759804
1,1,24,1,0,0,1,1,0.7022472
0,1,33,1,0,0,1,1,0.8
1,1,26.6,1,0,0,1,1,0.7977528
1,1,30,1,0,0,1,1,0.8
0,1,37,1,0,0,1,1,0.9
1,1,26.6,1,0,0,1,1,0.5606061
0,1,31,1,0,0,1,1,0.7192308
1,1,40.1,1,0,0,1,1,0.8809524
1,1,39,1,0,0,1,1,0.9135802
1,1,30,1,0,0,1,1,0.7345679
0,0,30,0,1,0,0,0,0.9444444
0,1,35,0,1,0,0,1,0.9010989
0,1,30,1,0,0,1,1,0.6790124
1,1,28,1,0,0,1,1,0.8
1,1,25,0,1,0,1,1,0.7183099
1,1,40,1,0,1,1,1,0.904
0,1,33,1,0,0,0,1,0.904
0,1,35,1,0,0,1,1,0.8873239
1,1,35,1,0,0,1,1,0.5088435
1,0,33,1,0,0,1,0,0.9
0,0,36,0,1,0,0,0,0.8
1,0,40,1,0,0,1,0,0.5555556
1,1,38,1,0,0,1,1,0.75
0,1,40,1,0,0,1,1,0.6779661
1,1,24,1,0,0,1,1,0.7037037
1,1,33.6,1,0,0,1,1,0.8
1,1,20,0,1,0,1,1,0.4637097
0,1,63,1,0,0,1,1,0.7888889
0,1,24,1,0,0,0,1,0.8
0,1,37,1,0,1,1,1,0.8965517
0,1,30,1,0,0,1,1,1
0,1,31.6,1,0,0,1,0,0.8962264
1,1,31,1,0,0,1,1,0.9
0,1,30.9,1,0,0,0,1,0.9
0,1,36.2,0,1,0,0,0,0.9478261
1,1,38,1,0,0,1,1,0.8
0,1,32,1,0,1,1,1,0.7961783
1,1,48,1,0,0,1,1,0.8956522
0,1,31.6,1,0,0,0,1,0.8035714
1,1,30,1,0,0,1,1,0.8714285
0,1,30,1,0,0,1,1,0.6470588
1,1,28,1,0,0,1,1,0.8034188
1,1,35.3,1,0,0,1,1,0.7968265
0,1,33,0,1,0,0,1,0.4225807
1,1,12,1,0,0,0,1,0.6220096
1,1,29.6,1,0,0,1,1,0.5925926
1,1,49,1,0,1,1,1,0.7471265
0,1,25.3,1,0,0,0,1,0.6319019
1,0,39,1,0,0,1,0,0.7976879
0,0,23,0,1,0,1,0,0.5925926
1,0,29,0,1,0,1,0,0.8030303
0,1,35,1,0,0,0,1,0.9023256
1,1,32,1,0,0,1,1,0.9481481
0,1,36,1,0,0,0,1,0.8
0,0,36,0,1,0,0,0,0.9276316
1,1,35.2,1,0,0,1,1,0.8914729
0,1,24.2,1,0,0,1,1,0.1971831
1,1,37,0,1,0,1,1,0.8
1,1,37.3,1,0,0,1,1,0.8984375
1,1,29,1,0,0,1,1,0.9
1,1,38,1,0,0,1,1,0.6052632
1,0,37,1,0,0,1,0,0.8
0,1,32,1,0,0,1,1,0.752
0,1,36,1,0,0,0,1,0.7297297
0,1,33.1,1,0,0,1,1,0.7457627
1,1,50.5,1,0,0,1,1,0.6413502
0,1,42.5,1,0,0,1,1,0.9513513
1,1,18,0,1,0,1,1,0.8
1,0,22,1,0,1,0,0,0.7045454
1,1,38.1,1,0,0,1,1,0.32
0,1,23,1,0,0,0,1,0.9529412
1,1,34,1,0,0,1,1,0.8796992
1,0,24,1,0,0,1,0,0.5105263
1,1,32,1,0,0,1,1,1.105263
0,1,26.4,1,0,0,0,0,0.4471545
1,1,15,1,0,0,1,0,0.6891892
1,1,33,1,0,0,1,1,0.7328767
1,1,38,1,0,0,1,1,0.7992495
1,1,54,1,0,0,1,1,0.9561403
1,0,30.2,0,1,0,1,0,0.7951807
1,1,24,1,0,0,1,1,0.1101322
1,1,27.8,1,0,0,1,1,0.6
1,1,32,1,0,0,1,1,0.7801418
1,1,34.7,1,0,0,1,1,0.7241379
0,1,34,1,0,0,0,1,0.7833334
0,1,53.9,1,0,0,0,1,0.9493333
1,1,29,1,0,0,1,1,0.7248062
0,1,24,1,0,0,0,1,0.2739726
1,0,15,0,1,0,1,1,0.7453416
1,1,25,1,0,0,1,1,0.8974359
0,0,40,0,1,0,0,0,0.8769231
1,1,49,1,0,0,1,1,1
1,1,47,1,0,1,1,1,0.9018868
1,1,27,1,0,0,1,1,0.8014184
1,1,28,1,0,0,1,1,0.7894737
1,0,30.3,1,0,0,1,0,0.9032258
1,1,57.6,1,0,0,1,1,0.8992805
1,1,36,1,0,0,1,1,0.9517241
1,1,31.9,1,0,1,1,1,0.9517241
1,1,30.2,0,1,0,1,1,0.7843137
0,1,30.1,0,1,0,0,1,0.877193
1,1,33,1,0,0,1,1,0.8014184
1,1,35,1,0,0,1,1,0.8
0,1,37,1,0,0,1,1,0.8
1,1,29.9,1,0,0,1,1,0.7901235
1,1,40,1,0,0,1,1,0.8982036
0,1,34,1,0,0,0,1,0.7241379
1,1,30,1,0,0,1,1,0.7692308
1,1,34,1,0,0,1,1,0.5263158
0,1,31,1,0,0,1,1,0.8581081
0,1,26,1,0,0,0,1,0.7984496
1,1,32,1,0,0,1,1,0.625
0,0,18,1,0,0,1,0,0.7857143
1,1,36,1,0,0,1,1,0.7567568
0,1,41,1,0,0,0,1,0.8
1,1,25,1,0,0,0,1,1
1,0,36,0,1,0,1,0,0.8013245
0,1,25,1,0,0,1,1,0.8019802
1,1,30.9,1,0,0,1,1,0.8012048
0,1,38,1,0,0,1,1,0.5918368
1,1,29.7,1,0,0,1,1,0.6315789
1,1,21,1,0,0,1,1,0.5555556
0,1,33,1,0,0,0,1,0.852071
0,1,27.5,1,0,0,1,1,0.9
1,1,38,1,0,0,1,1,0.8
1,1,23,1,0,0,1,1,0.8
1,1,26.4,1,0,0,1,1,0.4
1,1,34,1,0,0,1,1,0.2727273
1,1,27,1,0,0,1,1,0.8
1,1,18,1,0,0,0,1,1
0,1,21,1,0,0,1,1,0.2892562
0,0,35.5,1,0,0,1,0,0.6896552
1,1,38,1,0,0,0,1,0.8
1,1,44,1,0,0,1,1,0.8987342
1,1,31,1,0,0,1,1,0.8070176
0,0,24.6,1,0,0,1,0,0.3211009
1,1,36.5,1,0,0,1,1,1
1,1,36,1,0,0,1,1,0.7988827
0,1,22,1,0,0,1,1,0.6174496
1,1,33,1,0,0,0,1,1
0,1,29,1,0,0,1,1,0.3333333
1,1,28,1,0,0,1,1,0.849162
0,1,27,1,0,0,1,1,0.9509804
1,1,13,1,0,0,0,1,1.172414
1,1,31.2,1,0,1,1,1,0.6315789
0,1,37,1,0,0,1,1,1.140845
0,1,34,1,0,0,1,1,0.7632653
0,1,26,1,0,0,0,1,0.7972028
1,1,19,1,0,0,1,1,0.625
1,1,58.4,0,1,0,1,1,0.7546012
0,1,28,0,1,0,1,1,0.7479675
1,1,31.8,1,0,0,1,1,0.3157895
1,1,27,1,0,0,1,1,0.952381
0,1,21,1,0,0,1,1,0.7056604
0,1,28,1,0,0,1,1,0.3387097
1,1,36,1,0,0,1,1,0.7386364
1,1,26,1,0,0,1,1,0.8
0,0,34.8,1,0,0,1,0,0.75
1,1,23.6,1,0,0,1,1,0.7957447
1,1,31,1,0,0,1,1,0.972973
1,1,40,1,0,0,1,1,0.5789474
1,1,15,1,0,0,1,1,0.6976744
1,1,32,1,0,0,1,1,0.94375
1,1,25,1,0,0,1,1,0.6923077
1,1,21,1,0,0,1,1,1
1,1,31,1,0,0,1,1,0.75
1,1,34,1,0,1,1,1,0.5530434
1,1,38,1,0,0,1,0,0.9
1,1,33.8,1,0,0,1,1,0.902439
1,1,31,1,0,0,1,1,0.6977612
1,1,36,1,0,0,1,1,0.5472637
0,1,35.7,1,0,0,1,1,0.8
1,1,11,0,1,0,1,0,0.3576471
0,1,34,0,1,0,1,1,0.8
1,0,24.9,0,1,0,0,0,0.2371274
1,0,47.2,0,1,0,1,0,0.8695652
0,0,34,0,1,0,1,0,0.948718
0,1,42,1,0,0,0,0,0.7506849
1,0,22,0,1,0,1,0,0.6531792
1,1,37,1,0,0,1,1,0.8024691
1,0,35.5,1,0,0,1,1,0.9505703
1,0,35.3,1,0,0,1,1,1
1,0,27.7,1,0,0,1,1,0.6521739
1,1,17.5,1,0,0,0,1,0.8210526
1,1,37,1,0,0,1,1,0.9565217
0,1,24,1,0,0,1,1,0.7534246
1,1,41,1,0,0,1,1,0.7142857
1,1,37.3,1,0,0,1,1,0.8
1,1,38,1,0,0,1,1,0.4812834
0,1,33.3,0,1,0,1,1,0.7987013
1,1,31,1,0,0,1,1,0.9533679
1,1,33,0,1,0,1,1,0.9517241
1,1,33.5,1,0,0,1,1,1
1,1,45,1,0,0,1,1,0.9090909
0,1,39,1,0,0,0,1,0.95
1,1,38,1,0,0,1,1,0.9
1,1,47,1,0,0,1,1,0.9541985
1,1,33.2,1,0,0,0,1,0.4
1,1,38,1,0,0,1,1,0.9030303
1,1,36,1,0,0,1,0,0.75
1,1,29,1,0,0,1,1,0.6533333
0,1,29.8,0,1,0,1,1,0.2
1,1,38.2,1,0,0,1,1,0.7972973
0,1,38.4,1,0,0,1,1,0.8
0,1,36,0,1,0,1,1,0.72293
1,1,34.5,1,0,0,1,1,0.9014084
1,1,31.4,1,0,0,1,1,0.9533333
1,1,35.9,1,0,0,1,1,0.5907173
1,1,19,1,0,1,0,1,1.08
0,1,36.3,1,0,0,0,1,0.7972973
1,1,28,1,0,0,1,1,0.7758621
1,1,11,1,0,0,1,1,0.7906977
1,1,27.6,1,0,0,1,1,0.8
1,1,27,0,1,0,1,1,0.8529412
0,1,35,1,0,0,0,1,0.8975903
0,1,26,1,0,0,0,1,0.7075472
1,1,37,1,0,0,1,1,0.902834
0,1,34,1,0,0,1,1,0.865
0,1,29,1,0,0,0,1,0.9
1,1,26,1,0,0,1,1,0.8910891
1,1,20,1,0,0,0,1,0.4146341
0,1,31,1,0,0,0,1,0.7983871
0,1,38,1,0,0,0,1,0.8
1,1,31,1,0,0,1,1,0.6666667
0,1,33,1,0,0,0,1,0.7586207
0,0,29.6,0,1,0,1,0,0.542029
0,1,28.7,1,0,0,1,1,0.9
1,0,33,1,0,0,1,0,0.7278911
0,0,28,1,0,0,0,1,0.6037736
0,1,37,1,0,0,1,1,0.7863248
1,1,38,1,0,0,1,1,0.797546
0,1,35.5,0,1,0,1,1,0.9
1,0,56,1,0,0,1,0,0.8
1,1,36,1,0,0,0,1,0.6497175
1,1,34,1,0,0,0,1,0.8
1,1,17,1,0,0,1,1,0.8
0,1,32,1,0,0,0,1,0.8940398
1,1,37,1,0,0,1,0,0.9503106
0,1,36,1,0,0,1,1,0.94375
1,1,35.3,1,0,0,1,1,0.8979592
1,1,30,1,0,0,0,1,0.6872852
1,1,33.5,1,0,0,1,1,0.9030303
1,1,35,0,1,0,1,1,0.9
1,1,32,1,0,0,1,1,0.796748
1,1,25.4,1,0,0,1,1,0.6763285
1,1,25,1,0,0,1,1,0.797546
1,1,37.9,1,0,0,1,1,0.9038461
1,1,33,1,0,0,1,1,0.5949367
1,1,27,1,0,0,1,1,0.436747
1,0,34,1,0,1,1,0,0.9
1,1,31,1,0,1,1,1,1
1,1,19,1,0,0,1,1,0.8029197
1,1,37.7,1,0,0,1,1,0.8032787
0,1,24,1,0,0,0,1,0.6304348
0,1,32,1,0,0,0,1,0.8992805
1,1,34,1,0,0,1,1,0.6111111
0,1,39,1,0,0,1,1,0.8065395
1,1,30.4,1,0,0,1,1,0.4734848
1,1,30,1,0,0,1,1,0.2
1,1,30,1,0,0,1,1,0.4237288
1,1,44,1,0,0,1,1,0.952
1,1,26,1,0,0,1,1,0.5936508
1,0,36.2,1,0,0,1,0,0.9022989
1,1,38,1,0,0,1,1,0.8761905
1,1,28,1,0,0,1,1,0.4666667
1,1,28.6,1,0,0,1,0,0.8019802
0,1,32,1,0,0,0,1,0.7969925
1,1,42,1,0,0,1,1,0.8968254
1,1,39,1,0,0,1,1,0.5238096
1,1,37,1,0,0,1,1,0.2380952
0,1,27.6,1,0,0,0,1,1
1,1,39,1,0,0,1,1,0.625
0,1,44,1,0,0,1,1,0.6503497
1,1,36,1,0,0,1,1,0.739726
1,1,21,1,0,1,1,0,0.9529412
1,1,35,1,0,0,1,1,0.9445429
1,1,30,1,0,0,1,1,0.9030303
0,0,23,0,1,0,1,0,0.7009346
1,1,22,1,0,0,1,1,0.4631579
1,1,32,1,0,0,1,1,0.7098765
0,1,38.8,1,0,0,0,1,0.9428571
0,1,18,1,0,0,1,1,0.7962963
0,1,37.3,1,0,0,0,1,0.75
1,0,31.4,1,0,0,1,0,0.8636364
1,1,34.4,1,0,0,0,1,0.7
0,1,31,0,1,0,1,1,0.8037383
0,1,40,1,0,0,1,1,0.904
1,1,33,1,0,0,1,1,0.7950311
0,1,34,1,0,1,1,0,0.8018868
1,1,37,0,1,0,1,1,0.7969543
1,1,44,1,0,0,0,1,0.800905
1,1,30,1,0,0,0,1,0.9
0,1,15,0,1,0,1,1,0.8
1,1,35,1,0,0,1,1,0.9283019
1,1,31.1,1,0,0,1,1,0.9034483
1,1,31.3,1,0,0,0,1,0.8510638
1,1,8,1,0,0,1,1,1
1,1,32.2,1,0,0,1,1,0.7575758
0,1,28,1,0,0,0,0,0.2238806
1,1,26.5,1,0,0,1,1,0.921875
0,1,38,1,0,1,1,1,0.6875
0,1,46,1,0,0,0,1,0.8
1,1,41.9,1,0,0,0,1,0.7945206
0,1,20,1,0,0,1,1,0.902439
1,1,36,1,0,0,1,1,0.7973856
0,1,32,1,0,0,1,1,0.6530612
1,1,59,1,0,0,1,1,0.8064516
1,1,42.7,1,0,0,1,1,0.8
1,1,34,1,0,0,1,1,0.8789809
1,1,24.8,1,0,0,1,1,0.8990825
1,1,37.9,1,0,0,1,1,0.7384616
1,1,27.8,1,0,0,1,1,0.8
1,1,32,1,0,0,1,1,0.8017241
1,1,40,1,0,0,1,1,0.9253731
0,1,35,1,0,0,0,1,0.8387097
1,1,29,1,0,0,1,1,0.6653062
0,1,37,1,0,0,1,1,0.9
1,0,29,1,0,0,1,0,0.9459459
1,1,19,1,0,0,0,1,0.8026316
1,1,24,1,0,1,1,1,0.9021277
1,1,29,1,0,0,1,1,0.8598131
1,1,31.1,1,0,0,1,1,0.8029197
1,1,31.9,1,0,0,1,1,0.8005391
1,1,31,1,0,0,1,1,0.7692308
0,1,31,1,0,0,1,0,0.9493671
1,1,32,1,0,0,1,1,0.5466667
0,1,21,1,0,0,1,1,0.6358382
1,1,24.7,1,0,0,1,1,0.7991266
0,1,32,1,0,0,1,1,0.9709091
1,1,29,1,0,0,1,1,0.8940398
1,1,36,1,0,0,1,1,0.7987013
1,1,30,1,0,0,1,1,0.7954546
1,1,19,1,0,0,1,1,0.7258065
1,1,34,0,1,0,1,1,0.7978142
0,0,29,0,1,0,1,0,0.7969925
0,1,27,1,0,0,0,1,0.7256098
1,1,36,1,0,0,1,1,0.7984791
0,1,28,1,0,0,1,1,0.7985075
0,1,29,1,0,0,0,1,0.3950178
1,1,31.6,0,1,0,1,1,0.748538
1,1,36.5,1,0,0,1,1,0.8030303
1,0,32.1,1,0,0,0,1,0.8
1,1,44.2,1,0,0,1,0,0.8980892
1,1,24,1,0,0,1,1,0.4670846
1,1,32,1,0,0,0,1,0.7291667
1,1,38,1,0,0,1,1,0.4901961
1,1,40,1,0,0,1,1,0.944
0,1,25,1,0,0,1,1,0.9015151
1,1,28,1,0,1,1,1,0.8
1,0,35,0,1,0,1,0,0.7906977
1,1,21,0,1,0,1,1,0.7037037
1,1,31,1,0,0,1,1,0.801282
1,1,37.8,1,0,0,0,1,0.95
1,1,38.4,1,0,0,1,1,0.7106918
1,1,26,1,0,0,1,1,0.537037
1,1,27,1,0,0,1,1,0.75
0,1,33,1,0,0,0,1,0.8714597
1,1,39.6,1,0,0,1,1,0.8018868
1,1,34,1,0,0,1,1,0.8740741
0,1,22.1,1,0,0,1,1,0.8
0,1,30,1,0,0,1,1,0.9481481
0,1,24.5,1,0,0,1,0,0.6666667
1,1,32.2,1,0,0,1,1,0.9032258
0,1,38,1,0,0,1,1,0.8990384
1,1,30.2,0,1,0,0,1,0.9
0,1,31.7,0,1,0,0,1,0.8
1,1,30,0,1,0,0,1,0.8947368
1,1,28,1,0,0,1,1,0.95
0,1,27,1,0,0,1,0,0.9517241
1,1,29,1,0,0,1,1,0.8
1,1,32,1,0,0,1,1,0.797546
1,1,21.7,1,0,0,1,1,0.7530121
0,1,33.2,1,0,0,1,1,0.9
1,1,36,1,0,0,1,1,0.8571429
1,1,29,1,0,0,1,1,1.090909
1,1,32,1,0,0,1,1,0.8
1,1,36,1,0,0,1,1,0.8995215
1,1,35,1,0,0,1,1,0.7738096
0,1,38.7,1,0,0,0,1,0.6920415
1,1,31,1,0,0,1,0,1
1,1,36,1,0,0,1,1,0.7545455
1,1,30,1,0,0,1,1,0.9037037
1,0,36,1,0,1,1,0,0.9
0,1,36.8,0,1,0,1,0,2.555248
1,1,10.6,1,0,0,1,1,0.6153846
0,1,38,1,0,0,0,0,0.8013698
0,1,21.9,1,0,0,1,1,0.7960199
1,1,45,1,0,0,1,1,0.6666667
1,1,19,1,0,0,1,1,0.7430168
1,1,32.7,1,0,0,0,1,0.748538
1,1,32.1,1,0,0,1,1,0.8865248
1,1,21.9,1,0,0,1,1,0.8048781
0,1,38,1,0,0,1,1,0.7746479
1,1,31,1,0,0,1,1,0.7589744
0,1,37,1,0,0,0,1,0.3409091
0,1,36,1,0,0,1,1,0.7985075
1,1,34,1,0,0,1,1,0.9
0,1,33,1,0,0,1,1,0.6578947
1,1,23,0,1,0,1,1,0.3381642
0,1,37.3,1,0,0,1,1,0.75
0,1,34,1,0,0,0,1,0.9481481
1,1,33.4,1,0,1,0,1,0.7530121
1,1,39,1,0,0,1,1,0.7994859
1,1,27,1,0,0,1,1,0.9007092
1,1,16,1,0,0,1,1,0.9030612
1,1,36.8,1,0,0,1,1,0.9
1,1,42.7,1,0,0,1,1,0.1481481
1,1,29,1,0,1,1,1,0.8
1,1,34,1,0,0,1,1,0.9225352
1,1,27,1,0,0,1,1,0.9493671
1,1,40,1,0,0,1,1,0.6126761
1,1,28.3,1,0,0,1,1,0.75
1,1,7,1,0,0,1,1,0.9163637
1,0,32.4,0,1,0,1,0,0.36875
0,1,35,1,0,0,1,0,0.8
0,1,28,1,0,0,0,1,0.482906
0,1,40,1,0,0,1,1,0.9019608
0,1,41,1,0,0,1,1,0.9172414
1,1,43,1,0,0,1,1,1.2
1,1,32.3,1,0,0,1,1,0.8135593
1,1,32,0,1,0,1,1,0.8432836
0,1,37,1,0,0,1,1,0.5116279
1,1,25,0,1,0,0,1,0.7982456
1,1,28,1,0,0,1,1,0.748
1,1,33,1,0,0,1,1,0.8
1,1,22,1,0,0,1,1,0.6914285
1,1,45,1,0,0,1,1,0.8
1,1,37,1,0,0,1,1,0.7021276
0,1,32,1,0,0,1,0,0.7514125
0,1,17,1,0,1,0,1,0.4411765
1,1,20.1,1,0,0,1,1,0.3076923
0,1,35.2,1,0,0,0,1,0.9453125
1,1,42,1,0,1,1,1,0.8785715
0,1,36,1,0,0,1,1,0.5967742
1,1,25,1,0,0,1,1,1.1875
0,1,32.6,1,0,0,1,1,0.8
1,1,35,1,0,0,1,1,0.8
1,0,36,1,0,0,1,1,0.7987013
1,1,36,1,0,0,1,1,0.2071429
1,1,21.6,1,0,0,1,1,0.323741
0,1,31,1,0,0,1,1,0.5789474
1,1,33,1,0,0,1,1,0.8
1,1,33,1,0,0,1,1,0.7246377
0,1,47,0,1,0,1,0,0.75
0,1,26.3,1,0,0,1,1,0.8
0,1,25,0,1,0,1,1,0.3100775
1,1,34,1,0,0,1,1,0.95
0,1,36,1,0,0,1,1,0.5967742
1,1,39,1,0,0,1,1,0.9462366
1,1,23.1,1,0,0,0,1,0.7476636
1,1,30.1,1,0,0,1,1,1
1,1,22,1,0,0,1,1,0.8
1,1,23,1,0,0,1,1,0.7368421
1,1,39,1,0,0,1,1,0.4739336
0,0,24,1,0,0,1,0,0.5714286
1,1,31,1,0,0,1,1,0.7328448
0,1,32,1,0,0,0,1,0.7970297
0,1,33,1,0,0,1,1,0.7272727
0,1,31,1,0,0,0,1,0.7771429
0,1,31,1,0,0,1,1,0.2971429
0,0,35,1,0,0,1,0,0.9491525
1,1,31.9,1,0,0,1,1,0.8
0,1,42,1,0,0,0,1,0.9
0,1,42,1,0,0,1,1,0.7993385
0,1,36,1,0,0,0,1,0.752
1,1,26.6,1,0,0,1,1,0.5479452
1,1,32,1,0,0,1,1,0.7926829
1,1,35,1,0,0,0,1,0.8014842
1,1,36,1,0,0,1,1,0.8972973
0,1,34,1,0,1,1,1,0.8727273
1,1,33,1,0,0,1,0,0.3846154
1,1,31.2,1,0,0,1,1,0.7991266
1,1,22,1,0,0,0,1,0.8913044
1,1,31.8,1,0,0,1,1,0.8029197
0,0,33,0,1,0,0,0,0.8
1,1,33,1,0,0,1,1,0.5181347
1,1,27,1,0,0,1,1,0.7368421
0,1,31.2,1,0,0,1,1,0.8026316
0,0,33.4,0,1,0,0,0,0.8904762
0,1,30.4,1,0,0,0,1,0.8
0,1,31,1,0,0,1,1,0.7961783
0,1,6.99,1,0,0,1,1,0.4716981
1,1,36,1,0,0,1,1,0.9
1,1,50,1,0,0,1,1,0.8015267
0,1,39,1,0,0,0,1,0.9
0,1,31,1,0,0,1,1,0.9307692
1,1,27,1,0,0,1,1,0.8518519
1,1,43,1,0,0,1,1,0.8
1,1,31,1,0,0,0,1,0.8999159
1,0,31.3,1,0,0,1,1,0.9428571
1,1,43,1,0,0,1,1,0.7929293
0,1,34,1,0,0,0,1,0.657277
0,1,39.9,1,0,0,1,1,0.621118
0,1,47.9,1,0,0,1,1,0.9519231
0,1,29.9,1,0,0,0,1,0.6893617
0,1,26,1,0,0,0,1,0.8
1,1,32.5,0,1,0,1,1,0.7989131
1,1,53.7,1,0,0,0,1,0.9
1,1,27,1,0,0,1,1,0.8047338
0,1,38,1,0,0,1,0,0.4579124
1,1,34,1,0,0,0,1,0.6947368
1,1,27,1,0,0,1,1,0.5
1,1,43,1,0,0,1,1,0.316092
0,1,35,1,0,0,1,1,0.8636364
0,1,35,1,0,0,1,1,0.9285714
1,0,31.9,1,0,0,1,1,0.7975078
0,1,36,1,0,0,1,1,1
0,0,34,1,0,0,0,0,0.796875
1,1,28,1,0,0,1,1,0.9009009
1,0,38,1,0,0,1,0,0.8869048
1,1,46,1,0,1,1,1,1.072
1,1,34,0,1,0,1,1,0.9020979
0,1,38,1,0,0,1,1,0.75
1,1,26.6,1,0,0,1,1,0.2531646
0,1,35,1,0,0,0,1,1
1,1,32,1,0,0,1,1,0.6565657
1,1,45,1,0,0,1,1,0.6043956
1,1,40.6,1,0,0,0,1,0.7989691
1,1,36,1,0,1,1,1,0.8
1,0,30.9,1,0,1,1,0,0.7058824
1,0,38.9,0,1,0,1,0,0.9489051
1,1,24,1,0,0,1,0,0.6925926
0,1,46.8,1,0,0,1,1,0.7837838
1,1,32,1,0,0,1,1,0.8972602
1,1,36,1,0,0,1,1,0.770115
0,1,33.3,1,0,0,0,1,0.7142857
1,1,36.7,1,0,0,1,1,0.8046875
1,1,31,1,0,0,1,1,0.6285715
1,1,43,1,0,0,1,1,0.8
1,1,14.6,1,0,0,1,1,0.6777778
0,1,33.3,1,0,0,0,1,0.8
0,1,23,1,0,0,0,1,0.7272727
1,1,38,1,0,0,1,1,0.8
0,0,26,1,0,0,1,0,0.7984496
1,1,35.6,1,0,0,1,1,0.890511
1,1,36,1,0,0,0,1,0.9028571
1,1,35,1,0,0,1,1,0.800885
1,1,35.8,1,0,0,1,1,0.9520548
1,1,49,1,0,0,1,1,0.9526316
1,1,38,1,0,0,1,1,0.8
0,1,52,1,0,0,0,1,0.5333334
1,1,16.5,1,0,0,1,1,0.1101928
0,1,38,0,1,0,0,1,0.25
0,1,32.6,1,0,0,0,1,0.3862661
1,1,31,1,0,0,0,1,0.8
0,1,35,1,0,0,0,1,0.5252525
1,1,35,1,0,0,1,1,0.8
1,0,41,0,1,0,1,0,0.800905
0,1,35,1,0,0,1,1,0.9
1,1,39,1,0,0,1,1,0.9037037
1,1,36,1,0,0,1,1,0.8
1,1,28,1,0,0,1,1,0.4736842
0,1,35.1,1,0,0,1,1,0.5428572
1,1,35,1,0,1,1,1,0.9037037
1,1,30.2,1,0,0,1,1,0.7844828
1,1,32.4,1,0,0,1,1,0.714626
1,1,20,1,0,0,1,1,0.5263158
1,1,33,1,0,1,0,1,0.9
1,1,37.8,1,0,0,1,1,0.8994709
0,1,28,1,0,0,0,1,0.75
1,1,25,1,0,0,1,1,0.78125
1,1,43,1,0,0,1,1,0.9
1,1,33,0,1,0,1,1,0.7265625
1,0,28,1,0,0,1,0,0.6
1,1,18,1,0,0,1,1,0.3652968
0,1,31,0,1,0,0,1,0.7872341
0,1,37,1,0,0,1,1,0.8
0,1,30.1,1,0,0,1,1,0.9
1,0,30.8,0,1,0,1,0,0.5813953
1,1,27,1,0,0,1,1,0.8
0,1,33,1,0,0,1,1,0.9017094
0,1,34,1,0,0,0,0,0.8
1,0,25,1,0,0,1,0,0.9025271
1,1,25.9,0,1,0,1,1,0.6941748
1,1,30,1,0,0,0,0,0.5
1,1,44,1,0,0,1,1,0.8
0,1,37.6,1,0,0,1,1,0.9
1,1,26,1,0,0,1,1,0.4074074
1,0,27,1,0,0,1,0,0.2352941
1,1,32.3,1,0,0,1,1,0.9
1,1,31.9,1,0,0,1,1,0.7974684
0,1,35,1,0,0,1,1,0.8978102
1,1,50,1,0,0,1,1,0.7987616
0,1,38,1,0,0,1,1,0.8
0,1,47,1,0,0,0,1,0.3159269
0,1,38.4,1,0,0,0,1,0.5205479
1,1,39,1,0,0,1,1,0.8974359
1,1,25.4,1,0,0,1,1,0.9534883
1,1,40.3,1,0,0,1,0,0.5244445
0,0,43,1,0,0,0,0,0.9022222
0,1,35,1,0,0,0,1,0.147541
1,1,30,1,0,0,1,1,0.8
1,1,41,1,0,0,1,1,0.8985507
1,1,38.5,1,0,0,1,1,0.904
1,1,22,1,0,0,1,1,0.7938144
1,1,30,1,0,0,1,1,0.5076142
1,1,39,1,0,0,1,1,0.8978102
0,1,32.2,1,0,0,1,1,0.8918919
0,1,29.7,1,0,0,1,1,0.6977612
1,1,17,1,0,0,1,1,0.7777778
1,1,39.2,1,0,0,1,1,0.6052632
1,1,30.5,1,0,0,1,1,0.7222222
0,1,37,1,0,0,1,1,0.8
1,0,31,1,0,0,1,0,0.7435898
0,0,35,0,1,0,1,1,0.8928571
0,1,27,1,0,0,1,1,0.3793103
1,1,32,1,0,0,1,1,0.7345679
0,1,23,1,0,0,1,1,0.6692308
1,1,32.2,1,0,0,1,1,0.9529412
1,1,36,1,0,0,1,1,0.9
1,0,37.7,1,0,0,1,0,0.9037037
1,1,36.4,1,0,0,0,1,0.9257426
0,1,29.5,1,0,0,1,1,0.8025751
1,1,26,1,0,0,1,1,0.5555556
0,1,39.7,1,0,0,1,1,0.6730769
1,1,38.8,1,0,0,1,1,0.9
0,1,33,1,0,0,1,1,0.877551
1,1,33,1,0,0,1,1,0.7056604
1,1,31.1,1,0,0,1,1,0.9
0,1,24,1,0,0,1,1,0.9
1,1,22.5,1,0,0,1,1,0.3587444
1,1,29,1,0,0,1,1,0.6345178
1,1,27,1,0,0,1,1,0.8
1,1,53,1,0,0,1,1,0.7984032
0,1,35,1,0,0,1,1,0.8029197
1,1,36.9,1,0,0,0,1,0.9028571
0,1,30,1,0,0,1,1,0.8
1,1,34,0,1,0,1,1,0.8699187
1,1,37,1,0,0,1,1,0.6896552
1,0,38,1,0,1,1,0,0.8060606
1,1,35,1,0,0,1,1,0.7628866
1,1,39,1,0,0,1,1,0.9442623
0,1,41,1,0,0,1,1,0.7987805
1,1,16,1,0,0,1,1,0.7931035
0,1,10.8,1,0,0,1,1,0.6956522
1,1,33,0,1,0,1,1,0.4
0,1,44,1,0,0,1,1,0.4615385
1,1,40,1,0,0,1,1,0.7005988
1,1,39,1,0,0,1,1,0.92
1,1,39.2,1,0,0,1,1,0.902439
0,1,30.9,1,0,0,1,1,0.8709677
1,1,27,1,0,0,1,1,0.7965117
1,0,44,0,1,0,1,0,0.8367347
1,1,4,1,0,0,1,1,0.4891304
0,1,28,1,0,0,1,1,0.8
1,1,26,1,0,0,1,1,0.75
0,1,38,1,0,0,1,1,0.9037037
1,1,36,1,0,0,1,1,0.8
0,1,35.8,0,1,0,0,1,0.9457364
1,1,35.6,1,0,0,1,1,0.7987421
1,1,26,1,0,0,1,1,0.6071429
1,1,28,0,1,0,1,0,0.8983051
1,0,26,1,0,0,1,1,0.702439
1,1,20,1,0,0,1,1,0.6184211
1,1,25,1,0,0,1,1,0.7904192
1,1,25,1,0,0,1,1,0.7894737
1,0,33.1,1,0,0,1,0,0.7933334
0,1,48,1,0,0,0,1,0.7898551
1,1,11,1,0,0,1,1,0.2857143
0,1,38,1,0,0,1,1,0.3125
0,1,39,1,0,0,1,1,0.8
1,1,35,1,0,1,1,0,0.9012346
1,1,34,1,0,0,1,1,0.7319149
0,1,40,1,0,0,0,1,0.9746193
1,1,33,1,0,0,0,1,0.9462366
1,1,21,1,0,0,1,1,0.8
1,1,38,1,0,0,1,1,0.8
1,1,32.9,1,0,0,1,1,0.9032258
1,1,17.5,1,0,0,1,1,0.6
1,1,36,1,0,0,1,1,0.95
0,1,32.1,1,0,0,1,1,0.5454546
1,1,41,1,0,0,1,0,0.9028571
0,1,37,1,0,0,1,1,0.7142857
0,0,36.2,1,0,0,1,0,0.75
1,1,27,0,1,0,1,1,1
1,1,35.8,1,0,0,1,1,0.7532051
1,1,40.6,1,0,0,1,1,0.9021277
1,1,20,1,0,0,0,1,0.7151899
1,1,14,1,0,0,1,1,0.32
0,0,29.5,1,0,0,0,0,0.7529412
1,1,35,1,0,0,1,1,0.8
1,1,47,0,1,0,1,1,0.8991228
0,1,30,1,0,0,1,1,0.5969697
1,1,32.4,1,0,1,1,1,0.5647969
1,0,34,1,0,0,1,0,0.3519313
0,1,28,1,0,0,1,1,0.9444444
0,1,32,1,0,0,0,1,0.7977528
0,1,34,1,0,0,0,1,0.8947368
0,1,13,1,0,0,1,1,0.8
1,1,28,1,0,0,0,1,0.5510204
1,1,32.4,0,1,0,1,1,0.8979592
1,1,37,1,0,0,1,1,0.7991453
0,1,32,0,1,0,1,0,0.7987013
0,1,66,1,0,0,1,1,0.9025641
1,1,25.5,1,0,0,1,1,0.7914894
1,1,24.4,1,0,0,0,1,0.75
1,1,11.3,1,0,0,1,1,0.0909091
1,1,27,0,1,0,1,1,0.807947
0,1,36,1,0,0,0,1,0.9014084
1,1,12,1,0,1,1,1,0.7954546
0,1,38,1,0,0,1,1,0.7045454
1,1,33,1,0,0,1,1,0.8110236
1,1,27,1,0,0,1,1,0.5
0,1,24,1,0,0,1,1,0.9481481
1,1,26.5,1,0,0,1,1,0.95
1,1,33,1,0,1,1,1,0.8
0,1,33,1,0,0,1,1,0.9
1,1,28.4,1,0,0,1,1,0.3650794
0,1,28,1,0,0,0,1,0.7962963
1,1,32.9,1,0,0,1,1,0.8
0,1,14,1,0,0,1,1,0.2898551
0,1,38.3,1,0,0,1,1,0.8009259
0,1,33,1,0,1,1,1,0.8
1,1,34,1,0,0,1,1,0.8023256
1,1,35.4,1,0,0,1,1,0.8486487
0,1,17,1,0,0,1,1,0.2519685
1,1,23,1,0,0,1,1,0.7413793
1,1,25,1,0,0,1,1,1
1,1,33,1,0,0,1,1,0.6410257
0,1,41,1,0,0,1,1,0.9
0,0,27,0,1,0,0,0,0.7469879
,,41,,,,,,0.7533333
,,36.4,,,,,,0.952381
,,25,,,,,,0.8
,,32,,,,,,0.8
,,33,,,,,,0.8846154
,,40,,,,,,0.3954373
,,27.9,,,,,,0.7361111
,,27,,,,,,0.7473684
,,21,,,,,,0.2105263
,,36,,,,,,0.9473684
,,34,,,,,,0.8965517
,,38.7,,,,,,0.8965517
,,40.3,,,,,,0.8006329
,,29,,,,,,0.5753846
,,28.8,,,,,,0.75
,,29.3,,,,,,0.8977273
,,20,,,,,,0.1111111
,,60.5,,,,,,1
,,17,,,,,,0.4558139
,,47,,,,,,0.8986486
